CODIGO,CATEGORIA
'005631','ACA'
'005632','ACA'
'005634','ACA'
'005635','ACA'
'005636','ACA'
'005637','ACA'
'005638','ACA'
'005639','ACA'
'000301','EEA'
'000318','EEA'
'000654','EEA'
'001213','EEA'
'001443','EEA'
'001908','EEA'
'005575','EEA'
'005576','EEA'
'005577','EEA'
'005580','EEA'
'005581','EEA'
'005582','EEA'
'005583','EEA'
'005584','EEA'
'005717','EEA'
'005718','EEA'
'000360','EEA'
'000376','EEA'
'000452','EEA'
'000492','EEA'
'000496','EEA'
'000501','EEA'
'000556','EEA'
'000577','EEA'
'000590','EEA'
'000611','EEA'
'000651','EEA'
'000660','EEA'
'000663','EEA'
'000667','EEA'
'000684','EEA'
'000694','EEA'
'000695','EEA'
'000710','EEA'
'000746','EEA'
'000747','EEA'
'000766','EEA'
'000783','EEA'
'000791','EEA'
'000798','EEA'
'000829','EEA'
'000830','EEA'
'000831','EEA'
'000851','EEA'
'000872','EEA'
'000888','EEA'
'000932','EEA'
'000958','EEA'
'000959','EEA'
'000960','EEA'
'000961','EEA'
'000962','EEA'
'000964','EEA'
'000967','EEA'
'000969','EEA'
'000970','EEA'
'000986','EEA'
'001026','EEA'
'001027','EEA'
'001046','EEA'
'001050','EEA'
'001054','EEA'
'001079','EEA'
'001090','EEA'
'001091','EEA'
'001100','EEA'
'001121','EEA'
'001128','EEA'
'001137','EEA'
'001199','EEA'
'001203','EEA'
'001222','EEA'
'001224','EEA'
'001225','EEA'
'001226','EEA'
'001227','EEA'
'001228','EEA'
'001229','EEA'
'001232','EEA'
'001234','EEA'
'001243','EEA'
'001266','EEA'
'001283','EEA'
'001286','EEA'
'001291','EEA'
'001297','EEA'
'001347','EEA'
'001348','EEA'
'001349','EEA'
'001353','EEA'
'001357','EEA'
'001372','EEA'
'001373','EEA'
'001376','EEA'
'001397','EEA'
'001403','EEA'
'001406','EEA'
'001428','EEA'
'001431','EEA'
'001433','EEA'
'001434','EEA'
'001437','EEA'
'001452','EEA'
'001455','EEA'
'001456','EEA'
'001457','EEA'
'001460','EEA'
'001464','EEA'
'001466','EEA'
'001478','EEA'
'001500','EEA'
'001515','EEA'
'001516','EEA'
'001518','EEA'
'001520','EEA'
'001521','EEA'
'001522','EEA'
'001525','EEA'
'001526','EEA'
'001527','EEA'
'001529','EEA'
'001550','EEA'
'001553','EEA'
'001573','EEA'
'001574','EEA'
'001590','EEA'
'001608','EEA'
'001609','EEA'
'001610','EEA'
'001612','EEA'
'001630','EEA'
'001631','EEA'
'001633','EEA'
'001634','EEA'
'001639','EEA'
'001664','EEA'
'001665','EEA'
'001703','EEA'
'001722','EEA'
'001729','EEA'
'001733','EEA'
'001735','EEA'
'001736','EEA'
'001740','EEA'
'001758','EEA'
'001759','EEA'
'001764','EEA'
'001780','EEA'
'001788','EEA'
'001792','EEA'
'001802','EEA'
'001816','EEA'
'001820','EEA'
'001823','EEA'
'001828','EEA'
'001836','EEA'
'001838','EEA'
'001841','EEA'
'001843','EEA'
'001845','EEA'
'001866','EEA'
'001869','EEA'
'001870','EEA'
'001904','EEA'
'001910','EEA'
'001911','EEA'
'001913','EEA'
'001914','EEA'
'001959','EEA'
'001962','EEA'
'001965','EEA'
'001967','EEA'
'001968','EEA'
'001973','EEA'
'001985','EEA'
'002014','EEA'
'002044','EEA'
'002045','EEA'
'002046','EEA'
'002087','EEA'
'002088','EEA'
'002089','EEA'
'002090','EEA'
'002135','EEA'
'002136','EEA'
'002140','EEA'
'002144','EEA'
'002145','EEA'
'002167','EEA'
'002179','EEA'
'002180','EEA'
'002226','EEA'
'002289','EEA'
'002338','EEA'
'002341','EEA'
'002342','EEA'
'002343','EEA'
'002344','EEA'
'002352','EEA'
'002364','EEA'
'002367','EEA'
'002368','EEA'
'002380','EEA'
'002381','EEA'
'002384','EEA'
'002385','EEA'
'002389','EEA'
'002406','EEA'
'002409','EEA'
'002411','EEA'
'002432','EEA'
'002433','EEA'
'002438','EEA'
'002460','EEA'
'002464','EEA'
'002466','EEA'
'002489','EEA'
'002490','EEA'
'002491','EEA'
'002492','EEA'
'002493','EEA'
'002495','EEA'
'002496','EEA'
'002497','EEA'
'002498','EEA'
'002499','EEA'
'002500','EEA'
'002501','EEA'
'002502','EEA'
'002503','EEA'
'002509','EEA'
'002513','EEA'
'002516','EEA'
'002521','EEA'
'002522','EEA'
'002524','EEA'
'002525','EEA'
'002528','EEA'
'002529','EEA'
'002559','EEA'
'002562','EEA'
'002567','EEA'
'002568','EEA'
'002570','EEA'
'002582','EEA'
'002585','EEA'
'002586','EEA'
'002587','EEA'
'002588','EEA'
'002589','EEA'
'002590','EEA'
'002644','EEA'
'002645','EEA'
'002651','EEA'
'002652','EEA'
'002653','EEA'
'002687','EEA'
'002700','EEA'
'002701','EEA'
'002702','EEA'
'002709','EEA'
'002714','EEA'
'002715','EEA'
'002717','EEA'
'002775','EEA'
'002777','EEA'
'002778','EEA'
'002779','EEA'
'002781','EEA'
'002782','EEA'
'002786','EEA'
'002787','EEA'
'002788','EEA'
'002789','EEA'
'002791','EEA'
'002792','EEA'
'002793','EEA'
'002794','EEA'
'002795','EEA'
'002796','EEA'
'002797','EEA'
'002807','EEA'
'002809','EEA'
'002810','EEA'
'002811','EEA'
'002817','EEA'
'002818','EEA'
'002825','EEA'
'002832','EEA'
'002833','EEA'
'002839','EEA'
'002840','EEA'
'002878','EEA'
'002879','EEA'
'002880','EEA'
'002887','EEA'
'002888','EEA'
'002934','EEA'
'002937','EEA'
'002945','EEA'
'002946','EEA'
'002947','EEA'
'002948','EEA'
'002950','EEA'
'002951','EEA'
'002953','EEA'
'002955','EEA'
'002956','EEA'
'002957','EEA'
'002959','EEA'
'002963','EEA'
'002964','EEA'
'002965','EEA'
'002966','EEA'
'002967','EEA'
'002999','EEA'
'003000','EEA'
'003005','EEA'
'003039','EEA'
'003040','EEA'
'003042','EEA'
'003043','EEA'
'003044','EEA'
'003047','EEA'
'003058','EEA'
'003059','EEA'
'003074','EEA'
'003075','EEA'
'003077','EEA'
'003078','EEA'
'003080','EEA'
'003081','EEA'
'003083','EEA'
'003084','EEA'
'003085','EEA'
'003086','EEA'
'003087','EEA'
'003088','EEA'
'003089','EEA'
'003090','EEA'
'003091','EEA'
'003092','EEA'
'003093','EEA'
'003096','EEA'
'003125','EEA'
'003126','EEA'
'003137','EEA'
'003141','EEA'
'003142','EEA'
'003143','EEA'
'003158','EEA'
'003159','EEA'
'003160','EEA'
'003161','EEA'
'003167','EEA'
'003168','EEA'
'003169','EEA'
'003170','EEA'
'003171','EEA'
'003172','EEA'
'003174','EEA'
'003185','EEA'
'003200','EEA'
'003201','EEA'
'003215','EEA'
'003216','EEA'
'003224','EEA'
'003272','EEA'
'003276','EEA'
'003282','EEA'
'003285','EEA'
'003286','EEA'
'003289','EEA'
'003303','EEA'
'003316','EEA'
'003318','EEA'
'003319','EEA'
'003320','EEA'
'003321','EEA'
'003322','EEA'
'003333','EEA'
'003334','EEA'
'003335','EEA'
'003336','EEA'
'003337','EEA'
'003338','EEA'
'003339','EEA'
'003340','EEA'
'003342','EEA'
'003343','EEA'
'003344','EEA'
'003345','EEA'
'003346','EEA'
'003347','EEA'
'003348','EEA'
'003350','EEA'
'003351','EEA'
'003353','EEA'
'003354','EEA'
'003355','EEA'
'003357','EEA'
'003358','EEA'
'003361','EEA'
'003362','EEA'
'003363','EEA'
'003364','EEA'
'003365','EEA'
'003366','EEA'
'003367','EEA'
'003369','EEA'
'003370','EEA'
'003371','EEA'
'003372','EEA'
'003373','EEA'
'003374','EEA'
'003375','EEA'
'003376','EEA'
'003377','EEA'
'003378','EEA'
'003379','EEA'
'003380','EEA'
'003381','EEA'
'003382','EEA'
'003383','EEA'
'003387','EEA'
'003388','EEA'
'003389','EEA'
'003391','EEA'
'003397','EEA'
'003399','EEA'
'003403','EEA'
'003404','EEA'
'003405','EEA'
'003406','EEA'
'003407','EEA'
'003418','EEA'
'003468','EEA'
'003469','EEA'
'003470','EEA'
'003471','EEA'
'003472','EEA'
'003522','EEA'
'003523','EEA'
'003524','EEA'
'003525','EEA'
'003540','EEA'
'003626','EEA'
'003627','EEA'
'003628','EEA'
'003629','EEA'
'003641','EEA'
'003652','EEA'
'003657','EEA'
'003658','EEA'
'003661','EEA'
'003662','EEA'
'003663','EEA'
'003664','EEA'
'003665','EEA'
'003667','EEA'
'003668','EEA'
'003669','EEA'
'003671','EEA'
'003672','EEA'
'003674','EEA'
'003675','EEA'
'003677','EEA'
'003678','EEA'
'003679','EEA'
'003681','EEA'
'003682','EEA'
'003683','EEA'
'003684','EEA'
'003685','EEA'
'003687','EEA'
'003688','EEA'
'003689','EEA'
'003690','EEA'
'003691','EEA'
'003692','EEA'
'003693','EEA'
'003694','EEA'
'003695','EEA'
'003697','EEA'
'003714','EEA'
'003715','EEA'
'003769','EEA'
'003772','EEA'
'003792','EEA'
'003794','EEA'
'003797','EEA'
'003799','EEA'
'003802','EEA'
'003803','EEA'
'003903','EEA'
'003904','EEA'
'003905','EEA'
'003906','EEA'
'003907','EEA'
'003908','EEA'
'003909','EEA'
'003910','EEA'
'003911','EEA'
'003912','EEA'
'003913','EEA'
'003914','EEA'
'003915','EEA'
'003916','EEA'
'003917','EEA'
'003918','EEA'
'003919','EEA'
'003920','EEA'
'003921','EEA'
'003922','EEA'
'003923','EEA'
'003924','EEA'
'003925','EEA'
'003926','EEA'
'003927','EEA'
'003928','EEA'
'003929','EEA'
'003930','EEA'
'003931','EEA'
'003932','EEA'
'003933','EEA'
'003934','EEA'
'003935','EEA'
'003938','EEA'
'003939','EEA'
'003942','EEA'
'003943','EEA'
'003950','EEA'
'003954','EEA'
'003955','EEA'
'003956','EEA'
'003957','EEA'
'003959','EEA'
'003960','EEA'
'003961','EEA'
'003967','EEA'
'003968','EEA'
'003969','EEA'
'003970','EEA'
'003971','EEA'
'003972','EEA'
'003973','EEA'
'003975','EEA'
'003976','EEA'
'003977','EEA'
'003978','EEA'
'003979','EEA'
'003980','EEA'
'003981','EEA'
'004026','EEA'
'004027','EEA'
'004044','EEA'
'004051','EEA'
'004061','EEA'
'004066','EEA'
'004067','EEA'
'004073','EEA'
'004074','EEA'
'004084','EEA'
'004087','EEA'
'004088','EEA'
'004089','EEA'
'004090','EEA'
'004098','EEA'
'004110','EEA'
'004111','EEA'
'004112','EEA'
'004113','EEA'
'004114','EEA'
'004115','EEA'
'004130','EEA'
'004131','EEA'
'004132','EEA'
'004135','EEA'
'004136','EEA'
'004137','EEA'
'004138','EEA'
'004146','EEA'
'004147','EEA'
'004150','EEA'
'004151','EEA'
'004152','EEA'
'004153','EEA'
'004154','EEA'
'004155','EEA'
'004156','EEA'
'004157','EEA'
'004158','EEA'
'004159','EEA'
'004179','EEA'
'004180','EEA'
'004183','EEA'
'004206','EEA'
'004207','EEA'
'004208','EEA'
'004209','EEA'
'004210','EEA'
'004211','EEA'
'004212','EEA'
'004213','EEA'
'004214','EEA'
'004215','EEA'
'004216','EEA'
'004217','EEA'
'004218','EEA'
'004219','EEA'
'004221','EEA'
'004234','EEA'
'004237','EEA'
'004238','EEA'
'004239','EEA'
'004240','EEA'
'004241','EEA'
'004242','EEA'
'004243','EEA'
'004244','EEA'
'004245','EEA'
'004246','EEA'
'004247','EEA'
'004248','EEA'
'004249','EEA'
'004250','EEA'
'004251','EEA'
'004252','EEA'
'004302','EEA'
'004303','EEA'
'004304','EEA'
'004305','EEA'
'004310','EEA'
'004311','EEA'
'004312','EEA'
'004313','EEA'
'004314','EEA'
'004315','EEA'
'004316','EEA'
'004317','EEA'
'004318','EEA'
'004319','EEA'
'004320','EEA'
'004321','EEA'
'004325','EEA'
'004326','EEA'
'004327','EEA'
'004328','EEA'
'004332','EEA'
'004333','EEA'
'004334','EEA'
'004335','EEA'
'004336','EEA'
'004337','EEA'
'004338','EEA'
'004339','EEA'
'004340','EEA'
'004341','EEA'
'004342','EEA'
'004357','EEA'
'004358','EEA'
'004359','EEA'
'004369','EEA'
'004370','EEA'
'004371','EEA'
'004372','EEA'
'004373','EEA'
'004375','EEA'
'004463','EEA'
'004482','EEA'
'004483','EEA'
'004484','EEA'
'004485','EEA'
'004486','EEA'
'004487','EEA'
'004488','EEA'
'004489','EEA'
'004490','EEA'
'004491','EEA'
'004492','EEA'
'004493','EEA'
'004494','EEA'
'004495','EEA'
'004496','EEA'
'004497','EEA'
'004498','EEA'
'004499','EEA'
'004500','EEA'
'004501','EEA'
'004502','EEA'
'004503','EEA'
'004504','EEA'
'004505','EEA'
'004506','EEA'
'004507','EEA'
'004508','EEA'
'004509','EEA'
'004510','EEA'
'004511','EEA'
'004512','EEA'
'004513','EEA'
'004564','EEA'
'004565','EEA'
'004584','EEA'
'004595','EEA'
'004598','EEA'
'004614','EEA'
'004645','EEA'
'004646','EEA'
'004647','EEA'
'004716','EEA'
'004723','EEA'
'004730','EEA'
'004746','EEA'
'004747','EEA'
'004748','EEA'
'004749','EEA'
'004750','EEA'
'004763','EEA'
'004769','EEA'
'004814','EEA'
'004908','EEA'
'004909','EEA'
'004912','EEA'
'004918','EEA'
'004919','EEA'
'004920','EEA'
'004922','EEA'
'004923','EEA'
'004924','EEA'
'004925','EEA'
'004927','EEA'
'004928','EEA'
'004929','EEA'
'004931','EEA'
'004932','EEA'
'004933','EEA'
'004934','EEA'
'004936','EEA'
'004941','EEA'
'004943','EEA'
'004944','EEA'
'004946','EEA'
'004949','EEA'
'004952','EEA'
'004960','EEA'
'004961','EEA'
'004963','EEA'
'004965','EEA'
'004966','EEA'
'004967','EEA'
'004968','EEA'
'004969','EEA'
'004973','EEA'
'004974','EEA'
'004975','EEA'
'004976','EEA'
'004981','EEA'
'004982','EEA'
'004988','EEA'
'004989','EEA'
'004990','EEA'
'004991','EEA'
'004992','EEA'
'004993','EEA'
'004998','EEA'
'004999','EEA'
'005004','EEA'
'005008','EEA'
'005009','EEA'
'005012','EEA'
'005022','EEA'
'005023','EEA'
'005062','EEA'
'005063','EEA'
'005064','EEA'
'005065','EEA'
'005068','EEA'
'005069','EEA'
'005070','EEA'
'005072','EEA'
'005076','EEA'
'005079','EEA'
'005086','EEA'
'005090','EEA'
'005109','EEA'
'005110','EEA'
'005113','EEA'
'005114','EEA'
'005115','EEA'
'005116','EEA'
'005120','EEA'
'005121','EEA'
'005122','EEA'
'005132','EEA'
'005133','EEA'
'005134','EEA'
'005135','EEA'
'005145','EEA'
'005146','EEA'
'005147','EEA'
'005148','EEA'
'005151','EEA'
'005157','EEA'
'005158','EEA'
'005161','EEA'
'005162','EEA'
'005163','EEA'
'005173','EEA'
'005193','EEA'
'005194','EEA'
'005195','EEA'
'005196','EEA'
'005197','EEA'
'005198','EEA'
'005199','EEA'
'005218','EEA'
'005491','EEA'
'005493','EEA'
'005494','EEA'
'005495','EEA'
'005496','EEA'
'005497','EEA'
'005560','EEA'
'005561','EEA'
'005574','EEA'
'005579','EEA'
'005585','EEA'
'005589','EEA'
'005590','EEA'
'005591','EEA'
'005592','EEA'
'005593','EEA'
'005594','EEA'
'005595','EEA'
'005598','EEA'
'005599','EEA'
'005600','EEA'
'005601','EEA'
'005602','EEA'
'005603','EEA'
'005604','EEA'
'005608','EEA'
'005611','EEA'
'005621','EEA'
'005622','EEA'
'005623','EEA'
'005624','EEA'
'005625','EEA'
'005626','EEA'
'005627','EEA'
'005628','EEA'
'005629','EEA'
'005630','EEA'
'005719','EEA'
'005720','EEA'
'005721','EEA'
'005724','EEA'
'005725','EEA'
'005726','EEA'
'005731','EEA'
'005732','EEA'
'005737','EEA'
'005738','EEA'
'005739','EEA'
'005740','EEA'
'005792','EEA'
'005812','EEA'
'005813','EEA'
'005817','EEA'
'005818','EEA'
'005819','EEA'
'005837','EEA'
'005839','EEA'
'005840','EEA'
'005841','EEA'
'005842','EEA'
'005843','EEA'
'005866','EEA'
'005867','EEA'
'005868','EEA'
'005869','EEA'
'005870','EEA'
'005871','EEA'
'005875','EEA'
'005886','EEA'
'005924','EEA'
'005942','EEA'
'006017','EEA'
'006019','EEA'
'006020','EEA'
'006023','EEA'
'006056','EEA'
'006058','EEA'
'006063','EEA'
'006064','EEA'
'006065','EEA'
'006070','EEA'
'006082','EEA'
'193001','EEA'
'311005','EEA'
'311008','EEA'
'311017','EEA'
'311018','EEA'
'311031','EEA'
'311046','EEA'
'313005','EEA'
'315004','EEA'
'321001','EEA'
'321006','EEA'
'321010','EEA'
'321017','EEA'
'321018','EEA'
'321022','EEA'
'321025','EEA'
'321034','EEA'
'321039','EEA'
'322005','EEA'
'327012','EEA'
'328006','EEA'
'328007','EEA'
'331002','EEA'
'331004','EEA'
'331005','EEA'
'334002','EEA'
'338001','EEA'
'341002','EEA'
'341003','EEA'
'341009','EEA'
'341014','EEA'
'341017','EEA'
'341020','EEA'
'341022','EEA'
'341028','EEA'
'343007','EEA'
'344009','EEA'
'346002','EEA'
'347002','EEA'
'347004','EEA'
'351001','EEA'
'351004','EEA'
'351008','EEA'
'351010','EEA'
'351018','EEA'
'351023','EEA'
'351025','EEA'
'352007','EEA'
'354002','EEA'
'354005','EEA'
'358003','EEA'
'371004','EEA'
'371009','EEA'
'371014','EEA'
'371015','EEA'
'371016','EEA'
'371017','EEA'
'371019','EEA'
'371024','EEA'
'371026','EEA'
'371028','EEA'
'371029','EEA'
'371030','EEA'
'371031','EEA'
'372023','EEA'
'373009','EEA'
'401002','EEA'
'421001','EEA'
'421003','EEA'
'421005','EEA'
'426001','EEA'
'431001','EEA'
'431004','EEA'
'431005','EEA'
'431007','EEA'
'431008','EEA'
'431010','EEA'
'431011','EEA'
'437001','EEA'
'437003','EEA'
'437004','EEA'
'437005','EEA'
'437006','EEA'
'437009','EEA'
'437011','EEA'
'437014','EEA'
'438001','EEA'
'438002','EEA'
'501002','EEA'
'501003','EEA'
'501004','EEA'
'501006','EEA'
'501007','EEA'
'501008','EEA'
'501009','EEA'
'501010','EEA'
'501011','EEA'
'501012','EEA'
'501015','EEA'
'501017','EEA'
'501020','EEA'
'503002','EEA'
'503003','EEA'
'503004','EEA'
'503005','EEA'
'503007','EEA'
'503008','EEA'
'504001','EEA'
'004421','INA'
'004423','INA'
'004424','INA'
'004425','INA'
'004426','INA'
'004427','INA'
'004428','INA'
'004521','ISA'
'004522','ISA'
'004523','ISA'
'004524','ISA'
'004525','ISA'
'004526','ISA'
'004527','ISA'
'004528','ISA'
'004529','ISA'
'004530','ISA'
'004531','ISA'
'004532','ISA'
'004533','ISA'
'004534','ISA'
'004536','ISA'
'004537','ISA'
'004538','ISA'
'004539','ISA'
'004540','ISA'
'004541','ISA'
'004542','ISA'
'004543','ISA'
'004544','ISA'
'004545','ISA'
'004546','ISA'
'004547','ISA'
'004548','ISA'
'004549','ISA'
'004454','MAA'
'004455','MAA'
'004456','MAA'
'004457','MAA'
'004458','MAA'
'004459','MAA'
'004460','MAA'
'004461','MAA'
'004462','MAA'
'004466','MAA'
'004467','MAA'
'000023','MBA'
'000173','MBA'
'000174','MBA'
'000210','MBA'
'000218','MBA'
'000223','MBA'
'000228','MBA'
'000317','MBA'
'000320','MBA'
'003774','MBA'
'003775','MBA'
'003813','MBA'
'003815','MBA'
'005224','MBA'
'021001','MBA'
'021003','MBA'
'021004','MBA'
'021009','MBA'
'021016','MBA'
'021018','MBA'
'021021','MBA'
'021025','MBA'
'021026','MBA'
'021029','MBA'
'021068','MBA'
'000330','MBA'
'000336','MBA'
'000338','MBA'
'000339','MBA'
'000347','MBA'
'000351','MBA'
'000352','MBA'
'000353','MBA'
'000357','MBA'
'000358','MBA'
'000362','MBA'
'000377','MBA'
'000379','MBA'
'000392','MBA'
'000393','MBA'
'000394','MBA'
'000395','MBA'
'000396','MBA'
'000397','MBA'
'000398','MBA'
'000399','MBA'
'000400','MBA'
'000401','MBA'
'000402','MBA'
'000403','MBA'
'000404','MBA'
'000405','MBA'
'000406','MBA'
'000407','MBA'
'000408','MBA'
'000409','MBA'
'000410','MBA'
'000411','MBA'
'000412','MBA'
'000413','MBA'
'000414','MBA'
'000415','MBA'
'000416','MBA'
'000417','MBA'
'000418','MBA'
'000419','MBA'
'000420','MBA'
'000421','MBA'
'000423','MBA'
'000424','MBA'
'000426','MBA'
'000429','MBA'
'000438','MBA'
'000453','MBA'
'000457','MBA'
'000462','MBA'
'000470','MBA'
'000473','MBA'
'000479','MBA'
'000484','MBA'
'000485','MBA'
'000486','MBA'
'000488','MBA'
'000489','MBA'
'000490','MBA'
'000493','MBA'
'000510','MBA'
'000511','MBA'
'000512','MBA'
'000518','MBA'
'000529','MBA'
'000537','MBA'
'000547','MBA'
'000549','MBA'
'000563','MBA'
'000571','MBA'
'000582','MBA'
'000588','MBA'
'000591','MBA'
'000593','MBA'
'000598','MBA'
'000618','MBA'
'000626','MBA'
'000632','MBA'
'000639','MBA'
'000640','MBA'
'000643','MBA'
'000644','MBA'
'000655','MBA'
'000697','MBA'
'000708','MBA'
'000750','MBA'
'000782','MBA'
'000802','MBA'
'000828','MBA'
'000886','MBA'
'000922','MBA'
'000923','MBA'
'001030','MBA'
'001066','MBA'
'001067','MBA'
'001068','MBA'
'001069','MBA'
'001070','MBA'
'001073','MBA'
'001075','MBA'
'001230','MBA'
'001261','MBA'
'001377','MBA'
'001386','MBA'
'001399','MBA'
'001407','MBA'
'001440','MBA'
'001441','MBA'
'001446','MBA'
'001447','MBA'
'001449','MBA'
'001451','MBA'
'001453','MBA'
'001454','MBA'
'001465','MBA'
'001472','MBA'
'001473','MBA'
'001497','MBA'
'001662','MBA'
'001669','MBA'
'001730','MBA'
'001752','MBA'
'001777','MBA'
'001798','MBA'
'001799','MBA'
'001832','MBA'
'001833','MBA'
'001834','MBA'
'001848','MBA'
'001849','MBA'
'001850','MBA'
'001851','MBA'
'001852','MBA'
'001871','MBA'
'001918','MBA'
'002001','MBA'
'002003','MBA'
'002047','MBA'
'002051','MBA'
'002053','MBA'
'002071','MBA'
'002072','MBA'
'002074','MBA'
'002076','MBA'
'002077','MBA'
'002078','MBA'
'002079','MBA'
'002080','MBA'
'002082','MBA'
'002083','MBA'
'002084','MBA'
'002085','MBA'
'002169','MBA'
'002271','MBA'
'002273','MBA'
'002276','MBA'
'002277','MBA'
'002278','MBA'
'002279','MBA'
'002280','MBA'
'002350','MBA'
'002351','MBA'
'002366','MBA'
'002379','MBA'
'002504','MBA'
'002540','MBA'
'002546','MBA'
'002547','MBA'
'002548','MBA'
'002549','MBA'
'002550','MBA'
'002551','MBA'
'002552','MBA'
'002553','MBA'
'002554','MBA'
'002555','MBA'
'002657','MBA'
'002658','MBA'
'002659','MBA'
'002660','MBA'
'002661','MBA'
'002662','MBA'
'002663','MBA'
'002664','MBA'
'002666','MBA'
'002667','MBA'
'002668','MBA'
'002670','MBA'
'002822','MBA'
'002823','MBA'
'002826','MBA'
'002827','MBA'
'002828','MBA'
'002829','MBA'
'002835','MBA'
'002836','MBA'
'002860','MBA'
'002864','MBA'
'002865','MBA'
'002903','MBA'
'002918','MBA'
'002933','MBA'
'002941','MBA'
'002942','MBA'
'002943','MBA'
'002944','MBA'
'002969','MBA'
'002970','MBA'
'002972','MBA'
'002991','MBA'
'002992','MBA'
'003097','MBA'
'003098','MBA'
'003099','MBA'
'003203','MBA'
'003207','MBA'
'003254','MBA'
'003255','MBA'
'003256','MBA'
'003288','MBA'
'003290','MBA'
'003291','MBA'
'003292','MBA'
'003305','MBA'
'003306','MBA'
'003307','MBA'
'003308','MBA'
'003309','MBA'
'003310','MBA'
'003312','MBA'
'003313','MBA'
'003314','MBA'
'003315','MBA'
'003394','MBA'
'003395','MBA'
'003396','MBA'
'003398','MBA'
'003644','MBA'
'003645','MBA'
'003646','MBA'
'003647','MBA'
'003648','MBA'
'003649','MBA'
'003650','MBA'
'003651','MBA'
'003716','MBA'
'003717','MBA'
'003720','MBA'
'003721','MBA'
'003722','MBA'
'003723','MBA'
'003766','MBA'
'003767','MBA'
'003773','MBA'
'003776','MBA'
'003778','MBA'
'003779','MBA'
'003780','MBA'
'003781','MBA'
'003782','MBA'
'003783','MBA'
'003784','MBA'
'003785','MBA'
'003786','MBA'
'003787','MBA'
'003845','MBA'
'003846','MBA'
'003847','MBA'
'003848','MBA'
'003849','MBA'
'003850','MBA'
'003851','MBA'
'003852','MBA'
'003853','MBA'
'003854','MBA'
'003855','MBA'
'003856','MBA'
'003857','MBA'
'003858','MBA'
'003859','MBA'
'003860','MBA'
'003861','MBA'
'003862','MBA'
'003863','MBA'
'003864','MBA'
'003865','MBA'
'003866','MBA'
'003867','MBA'
'003868','MBA'
'003869','MBA'
'003870','MBA'
'003871','MBA'
'003872','MBA'
'003873','MBA'
'003874','MBA'
'003875','MBA'
'003876','MBA'
'003877','MBA'
'003878','MBA'
'003879','MBA'
'003880','MBA'
'003881','MBA'
'003882','MBA'
'003883','MBA'
'003884','MBA'
'003885','MBA'
'003886','MBA'
'003887','MBA'
'003888','MBA'
'003889','MBA'
'003890','MBA'
'003891','MBA'
'003892','MBA'
'003893','MBA'
'003894','MBA'
'003895','MBA'
'003896','MBA'
'003897','MBA'
'003898','MBA'
'003899','MBA'
'003940','MBA'
'003941','MBA'
'003944','MBA'
'003945','MBA'
'003951','MBA'
'003982','MBA'
'003983','MBA'
'003984','MBA'
'004000','MBA'
'004001','MBA'
'004002','MBA'
'004003','MBA'
'004028','MBA'
'004029','MBA'
'004080','MBA'
'004081','MBA'
'004082','MBA'
'004109','MBA'
'004224','MBA'
'004225','MBA'
'004271','MBA'
'004278','MBA'
'004281','MBA'
'004282','MBA'
'004283','MBA'
'004345','MBA'
'004346','MBA'
'004347','MBA'
'004350','MBA'
'004351','MBA'
'004352','MBA'
'004353','MBA'
'004354','MBA'
'004355','MBA'
'004356','MBA'
'004464','MBA'
'004465','MBA'
'004470','MBA'
'004575','MBA'
'004576','MBA'
'004577','MBA'
'004640','MBA'
'004641','MBA'
'004662','MBA'
'004663','MBA'
'004686','MBA'
'004687','MBA'
'004688','MBA'
'004689','MBA'
'004690','MBA'
'004765','MBA'
'004766','MBA'
'004768','MBA'
'004810','MBA'
'004811','MBA'
'004901','MBA'
'004902','MBA'
'004903','MBA'
'004904','MBA'
'004979','MBA'
'004986','MBA'
'004987','MBA'
'005067','MBA'
'005182','MBA'
'005184','MBA'
'005185','MBA'
'005186','MBA'
'005187','MBA'
'005188','MBA'
'005189','MBA'
'005190','MBA'
'005191','MBA'
'005192','MBA'
'005201','MBA'
'005202','MBA'
'005203','MBA'
'005204','MBA'
'005205','MBA'
'005206','MBA'
'005207','MBA'
'005208','MBA'
'005219','MBA'
'005221','MBA'
'005225','MBA'
'005244','MBA'
'005245','MBA'
'005246','MBA'
'005247','MBA'
'005248','MBA'
'005249','MBA'
'005250','MBA'
'005251','MBA'
'005252','MBA'
'005253','MBA'
'005254','MBA'
'005255','MBA'
'005562','MBA'
'005563','MBA'
'005564','MBA'
'005565','MBA'
'005566','MBA'
'005567','MBA'
'005568','MBA'
'005569','MBA'
'005586','MBA'
'005615','MBA'
'005620','MBA'
'005727','MBA'
'005728','MBA'
'005748','MBA'
'005787','MBA'
'005788','MBA'
'005790','MBA'
'005872','MBA'
'005882','MBA'
'005883','MBA'
'005933','MBA'
'005934','MBA'
'005935','MBA'
'006062','MBA'
'011001','MBA'
'011002','MBA'
'011003','MBA'
'011004','MBA'
'011005','MBA'
'021002','MBA'
'021006','MBA'
'021007','MBA'
'021010','MBA'
'021012','MBA'
'021017','MBA'
'021019','MBA'
'021020','MBA'
'021022','MBA'
'021023','MBA'
'021024','MBA'
'021028','MBA'
'021031','MBA'
'021032','MBA'
'021033','MBA'
'021034','MBA'
'021035','MBA'
'021037','MBA'
'021038','MBA'
'021039','MBA'
'021040','MBA'
'021041','MBA'
'021042','MBA'
'021043','MBA'
'021045','MBA'
'021046','MBA'
'021047','MBA'
'021048','MBA'
'021049','MBA'
'021050','MBA'
'021051','MBA'
'021052','MBA'
'021053','MBA'
'021054','MBA'
'021055','MBA'
'021056','MBA'
'021057','MBA'
'021058','MBA'
'021059','MBA'
'021060','MBA'
'021062','MBA'
'021063','MBA'
'021064','MBA'
'021065','MBA'
'021066','MBA'
'021067','MBA'
'021069','MBA'
'021070','MBA'
'021071','MBA'
'021072','MBA'
'021074','MBA'
'021075','MBA'
'021076','MBA'
'021077','MBA'
'021079','MBA'
'021080','MBA'
'021082','MBA'
'021083','MBA'
'021084','MBA'
'021085','MBA'
'021086','MBA'
'021087','MBA'
'021088','MBA'
'021089','MBA'
'021090','MBA'
'021091','MBA'
'021092','MBA'
'021094','MBA'
'021095','MBA'
'021096','MBA'
'021097','MBA'
'021098','MBA'
'021100','MBA'
'021101','MBA'
'021102','MBA'
'021103','MBA'
'021104','MBA'
'021109','MBA'
'021112','MBA'
'021113','MBA'
'021114','MBA'
'021115','MBA'
'027006','MBA'
'027022','MBA'
'031001','MBA'
'031002','MBA'
'031003','MBA'
'031004','MBA'
'031005','MBA'
'041001','MBA'
'041002','MBA'
'051001','MBA'
'051002','MBA'
'051003','MBA'
'051004','MBA'
'051005','MBA'
'051006','MBA'
'051007','MBA'
'051008','MBA'
'051009','MBA'
'051010','MBA'
'061001','MBA'
'061002','MBA'
'061003','MBA'
'061004','MBA'
'061005','MBA'
'061006','MBA'
'061007','MBA'
'061008','MBA'
'061009','MBA'
'061010','MBA'
'061011','MBA'
'061012','MBA'
'061013','MBA'
'061014','MBA'
'061015','MBA'
'061016','MBA'
'061017','MBA'
'061018','MBA'
'061019','MBA'
'061020','MBA'
'071001','MBA'
'071002','MBA'
'071003','MBA'
'081001','MBA'
'081002','MBA'
'091001','MBA'
'091002','MBA'
'091003','MBA'
'096003','MBA'
'096011','MBA'
'101001','MBA'
'101002','MBA'
'101003','MBA'
'121001','MBA'
'121003','MBA'
'128002','MBA'
'131001','MBA'
'171001','MBA'
'191001','MBA'
'191002','MBA'
'191003','MBA'
'196001','MBA'
'301001','MBA'
'301002','MBA'
'301003','MBA'
'301004','MBA'
'301005','MBA'
'301006','MBA'
'301007','MBA'
'301008','MBA'
'301010','MBA'
'301011','MBA'
'301012','MBA'
'301013','MBA'
'301014','MBA'
'301015','MBA'
'301016','MBA'
'301017','MBA'
'301018','MBA'
'301019','MBA'
'301020','MBA'
'301021','MBA'
'301022','MBA'
'301023','MBA'
'000076','MEA'
'000323','MEA'
'000324','MEA'
'000325','MEA'
'000326','MEA'
'000329','MEA'
'000331','MEA'
'000344','MEA'
'000348','MEA'
'000349','MEA'
'000381','MEA'
'000509','MEA'
'000786','MEA'
'000833','MEA'
'000867','MEA'
'000869','MEA'
'000902','MEA'
'000999','MEA'
'001051','MEA'
'001076','MEA'
'001159','MEA'
'001209','MEA'
'001210','MEA'
'001218','MEA'
'001265','MEA'
'001415','MEA'
'001450','MEA'
'001563','MEA'
'001565','MEA'
'001596','MEA'
'001607','MEA'
'001743','MEA'
'001751','MEA'
'001831','MEA'
'001990','MEA'
'002075','MEA'
'002153','MEA'
'002154','MEA'
'002155','MEA'
'002359','MEA'
'002360','MEA'
'002361','MEA'
'002429','MEA'
'002442','MEA'
'002444','MEA'
'002541','MEA'
'002542','MEA'
'002594','MEA'
'002647','MEA'
'002716','MEA'
'002760','MEA'
'002771','MEA'
'002834','MEA'
'002846','MEA'
'002847','MEA'
'002848','MEA'
'002849','MEA'
'002850','MEA'
'002851','MEA'
'002852','MEA'
'002853','MEA'
'002854','MEA'
'002872','MEA'
'002873','MEA'
'002874','MEA'
'002875','MEA'
'002876','MEA'
'002877','MEA'
'003041','MEA'
'003055','MEA'
'003056','MEA'
'003124','MEA'
'003130','MEA'
'003139','MEA'
'003175','MEA'
'003233','MEA'
'003234','MEA'
'003235','MEA'
'003236','MEA'
'003241','MEA'
'003242','MEA'
'003243','MEA'
'003244','MEA'
'003245','MEA'
'003246','MEA'
'003247','MEA'
'003248','MEA'
'003249','MEA'
'003250','MEA'
'003251','MEA'
'003252','MEA'
'003253','MEA'
'003273','MEA'
'003274','MEA'
'003323','MEA'
'003324','MEA'
'003325','MEA'
'003326','MEA'
'003327','MEA'
'003328','MEA'
'003329','MEA'
'003330','MEA'
'003392','MEA'
'003476','MEA'
'003477','MEA'
'003478','MEA'
'003479','MEA'
'003480','MEA'
'003643','MEA'
'003936','MEA'
'004116','MEA'
'004117','MEA'
'004118','MEA'
'004119','MEA'
'004274','MEA'
'004471','MEA'
'004472','MEA'
'004473','MEA'
'004481','MEA'
'004642','MEA'
'004643','MEA'
'004762','MEA'
'004771','MEA'
'004772','MEA'
'004773','MEA'
'004774','MEA'
'004775','MEA'
'004776','MEA'
'004777','MEA'
'004778','MEA'
'004779','MEA'
'004780','MEA'
'004781','MEA'
'004782','MEA'
'004783','MEA'
'004784','MEA'
'004785','MEA'
'004786','MEA'
'004787','MEA'
'004788','MEA'
'004789','MEA'
'004790','MEA'
'004803','MEA'
'004890','MEA'
'004894','MEA'
'004906','MEA'
'005176','MEA'
'005177','MEA'
'005178','MEA'
'005179','MEA'
'005180','MEA'
'005227','MEA'
'005228','MEA'
'005229','MEA'
'005230','MEA'
'005231','MEA'
'005232','MEA'
'005233','MEA'
'005234','MEA'
'005235','MEA'
'005236','MEA'
'005237','MEA'
'005238','MEA'
'005239','MEA'
'005240','MEA'
'005241','MEA'
'005261','MEA'
'005262','MEA'
'005281','MEA'
'005282','MEA'
'005729','MEA'
'005800','MEA'
'005863','MEA'
'541001','MEA'
'541002','MEA'
'561001','MEA'
'565009','MEA'
'565010','MEA'
'565012','MEA'
'565013','MEA'
'567004','MEA'
'571001','MEA'
'571002','MEA'
'571003','MEA'
'571005','MEA'
'571006','MEA'
'571007','MEA'
'571008','MEA'
'571009','MEA'
'591001','MEA'
'591002','MEA'
'591005','MEA'
'591032','MEA'
'591045','MEA'
'611001','MEA'
'701001','MEA'
'701002','MEA'
'701003','MEA'
'701005','MEA'
'701006','MEA'
'701007','MEA'
'701012','MEA'
'701023','MEA'
'701046','MEA'
'701047','MEA'
'701048','MEA'
'701049','MEA'
'701050','MEA'
'704003','MEA'
'004432','TEA'
'004438','TEA'
'004439','TEA'
'004440','TEA'
'004441','TEA'
'004429','TI'
'004430','TI'
'004431','TI'
'004435','TI'
'004436','TI'
'004437','TI'
'005945','TI'
'005946','TI'
'004442','TLA'
'004443','TLA'
'004444','TLA'
'004445','TLA'
'004446','TLA'
'004447','TLA'
'004448','TLA'
'004449','TLA'
'004450','TLA'
'004451','TLA'
'004452','TLA'
'004453','TLA'
'004468','TLA'
'004374','TRA'
'004377','TRA'
'004378','TRA'
'004379','TRA'
'004380','TRA'
'004381','TRA'
'004382','TRA'
'004383','TRA'
'004384','TRA'
'004385','TRA'
'004386','TRA'
'004387','TRA'
'004388','TRA'
'004389','TRA'
'004390','TRA'
'004391','TRA'
'004392','TRA'
'004393','TRA'
'004394','TRA'
'004395','TRA'
'004396','TRA'
'004402','TRA'
'004403','TRA'
'004404','TRA'
'004405','TRA'
'004406','TRA'
'004407','TRA'
'004408','TRA'
'004409','TRA'
'004410','TRA'
'004411','TRA'
'004412','TRA'
'004413','TRA'
'004414','TRA'
'004415','TRA'
'004416','TRA'
'004417','TRA'
'004418','TRA'
'004419','TRA'
'004420','TRA'
'000287','EEH'
'000624','EEH'
'000701','EEH'
'000780','EEH'
'000947','EEH'
'001049','EEH'
'001233','EEH'
'001298','EEH'
'001302','EEH'
'001477','EEH'
'001519','EEH'
'001531','EEH'
'001534','EEH'
'001554','EEH'
'001580','EEH'
'001787','EEH'
'001853','EEH'
'001909','EEH'
'001947','EEH'
'001961','EEH'
'002011','EEH'
'002138','EEH'
'002173','EEH'
'002382','EEH'
'002439','EEH'
'002523','EEH'
'002707','EEH'
'002790','EEH'
'003001','EEH'
'003002','EEH'
'003079','EEH'
'003173','EEH'
'003352','EEH'
'003359','EEH'
'003368','EEH'
'003386','EEH'
'003520','EEH'
'003958','EEH'
'005606','EEH'
'005607','EEH'
'005722','EEH'
'005723','EEH'
'005941','EEH'
'321007','EEH'
'321016','EEH'
'322003','EEH'
'341006','EEH'
'341012','EEH'
'351013','EEH'
'351030','EEH'
'351038','EEH'
'005571','ISA'
'000226','MBH'
'000229','MBH'
'001975','MBH'
'002002','MBH'
'002073','MBH'
'002081','MBH'
'002669','MBH'
'002914','MBH'
'002915','MBH'
'002916','MBH'
'002917','MBH'
'003311','MBH'
'004551','MBH'
'004767','MBH'
'004888','MBH'
'004889','MBH'
'004897','MBH'
'004971','MBH'
'004978','MBH'
'004985','MBH'
'005026','MBH'
'005027','MBH'
'005028','MBH'
'005029','MBH'
'005030','MBH'
'005031','MBH'
'005032','MBH'
'005033','MBH'
'005034','MBH'
'005035','MBH'
'005036','MBH'
'005037','MBH'
'005038','MBH'
'005039','MBH'
'005040','MBH'
'005041','MBH'
'005042','MBH'
'005043','MBH'
'005044','MBH'
'005045','MBH'
'005046','MBH'
'005047','MBH'
'005048','MBH'
'005049','MBH'
'005050','MBH'
'005051','MBH'
'005052','MBH'
'005053','MBH'
'005054','MBH'
'005055','MBH'
'005056','MBH'
'005057','MBH'
'005058','MBH'
'005059','MBH'
'005060','MBH'
'005181','MBH'
'005200','MBH'
'005836','MBH'
'005865','MBH'
'005878','MBH'
'005879','MBH'
'005880','MBH'
'005881','MBH'
'006057','MBH'
'021008','MBH'
'021014','MBH'
'021036','MBH'
'021044','MBH'
'021061','MBH'
'021073','MBH'
'021078','MBH'
'021081','MBH'
'000337','MEH'
'001151','MEH'
'004478','MEH'
'004479','MEH'
'004791','MEH'
'004792','MEH'
'004892','MEH'
'591006','MEH'
'591029','MEH'
'591030','MEH'
'591031','MEH'
'591033','MEH'
'591034','MEH'
'591046','MEH'
'004739','ACB'
'004742','ACB'
'000703','EEB'
'000705','EEB'
'000707','EEB'
'000734','EEB'
'000743','EEB'
'000744','EEB'
'000818','EEB'
'001123','EEB'
'001129','EEB'
'001138','EEB'
'001139','EEB'
'001140','EEB'
'001141','EEB'
'001142','EEB'
'001168','EEB'
'001306','EEB'
'001339','EEB'
'001340','EEB'
'001498','EEB'
'001499','EEB'
'001595','EEB'
'001648','EEB'
'001725','EEB'
'001726','EEB'
'001741','EEB'
'001766','EEB'
'001964','EEB'
'001978','EEB'
'002390','EEB'
'002397','EEB'
'002463','EEB'
'002703','EEB'
'002824','EEB'
'002952','EEB'
'003637','EEB'
'003638','EEB'
'003642','EEB'
'003670','EEB'
'003673','EEB'
'003964','EEB'
'004140','EEB'
'004143','EEB'
'004144','EEB'
'004145','EEB'
'004184','EEB'
'004185','EEB'
'004279','EEB'
'004299','EEB'
'004300','EEB'
'004307','EEB'
'004309','EEB'
'004322','EEB'
'004323','EEB'
'004329','EEB'
'004330','EEB'
'004566','EEB'
'004580','EEB'
'004581','EEB'
'004582','EEB'
'004609','EEB'
'004611','EEB'
'004717','EEB'
'004720','EEB'
'004721','EEB'
'004722','EEB'
'004820','EEB'
'004821','EEB'
'004822','EEB'
'004823','EEB'
'004824','EEB'
'004825','EEB'
'004826','EEB'
'004827','EEB'
'004828','EEB'
'004829','EEB'
'004830','EEB'
'004831','EEB'
'004832','EEB'
'004833','EEB'
'004834','EEB'
'004835','EEB'
'004836','EEB'
'004837','EEB'
'004838','EEB'
'004839','EEB'
'004840','EEB'
'004841','EEB'
'004842','EEB'
'004843','EEB'
'004844','EEB'
'004845','EEB'
'004846','EEB'
'004847','EEB'
'004848','EEB'
'004849','EEB'
'004850','EEB'
'004851','EEB'
'004852','EEB'
'004853','EEB'
'004914','EEB'
'005212','EEB'
'005779','EEB'
'005991','EEB'
'005995','EEB'
'006059','EEB'
'344002','EEB'
'353007','EEB'
'354001','EEB'
'373012','EEB'
'503010','EEB'
'006083','ISA'
'000721','MBB'
'000836','MBB'
'000997','MBB'
'001115','MBB'
'001116','MBB'
'001167','MBB'
'001170','MBB'
'001180','MBB'
'001181','MBB'
'001182','MBB'
'001186','MBB'
'001187','MBB'
'001188','MBB'
'001189','MBB'
'001205','MBB'
'001541','MBB'
'002295','MBB'
'003138','MBB'
'004360','MBB'
'004361','MBB'
'004362','MBB'
'004363','MBB'
'004364','MBB'
'004365','MBB'
'004366','MBB'
'004367','MBB'
'004368','MBB'
'004587','MBB'
'004588','MBB'
'004589','MBB'
'004599','MBB'
'004600','MBB'
'004601','MBB'
'004602','MBB'
'004603','MBB'
'004604','MBB'
'004605','MBB'
'004606','MBB'
'004615','MBB'
'004616','MBB'
'004617','MBB'
'004618','MBB'
'004619','MBB'
'004620','MBB'
'004621','MBB'
'004622','MBB'
'004623','MBB'
'004624','MBB'
'004625','MBB'
'004626','MBB'
'004627','MBB'
'004628','MBB'
'004629','MBB'
'004630','MBB'
'004631','MBB'
'004632','MBB'
'004633','MBB'
'004634','MBB'
'004635','MBB'
'004636','MBB'
'004691','MBB'
'004692','MBB'
'004693','MBB'
'004694','MBB'
'004695','MBB'
'004696','MBB'
'004697','MBB'
'004698','MBB'
'004699','MBB'
'004700','MBB'
'004701','MBB'
'004702','MBB'
'004770','MBB'
'004816','MBB'
'004964','MBB'
'005016','MBB'
'005220','MBB'
'005222','MBB'
'005829','MBB'
'005830','MBB'
'005873','MBB'
'005874','MBB'
'006034','MBB'
'006079','MBB'
'006080','MBB'
'013003','MBB'
'021005','MBB'
'021011','MBB'
'021013','MBB'
'021015','MBB'
'021027','MBB'
'021030','MBB'
'023014','MBB'
'023015','MBB'
'023017','MBB'
'023019','MBB'
'023020','MBB'
'023021','MBB'
'023022','MBB'
'023026','MBB'
'023027','MBB'
'023028','MBB'
'023039','MBB'
'023040','MBB'
'023041','MBB'
'023048','MBB'
'053009','MBB'
'073002','MBB'
'073003','MBB'
'073004','MBB'
'073005','MBB'
'073009','MBB'
'133001','MBB'
'133003','MBB'
'133006','MBB'
'143001','MBB'
'001152','MEB'
'001153','MEB'
'002189','MEB'
'004128','MEB'
'004165','MEB'
'004166','MEB'
'004169','MEB'
'004170','MEB'
'004171','MEB'
'004172','MEB'
'004187','MEB'
'004188','MEB'
'004189','MEB'
'004190','MEB'
'004191','MEB'
'004192','MEB'
'004193','MEB'
'004194','MEB'
'004203','MEB'
'004204','MEB'
'004230','MEB'
'004231','MEB'
'004232','MEB'
'004233','MEB'
'004235','MEB'
'004236','MEB'
'004272','MEB'
'004273','MEB'
'004593','MEB'
'004594','MEB'
'004793','MEB'
'004794','MEB'
'005066','MEB'
'005789','MEB'
'005801','MEB'
'005802','MEB'
'005803','MEB'
'005804','MEB'
'005805','MEB'
'005806','MEB'
'593001','MEB'
'593002','MEB'
'000478','EEG'
'000852','EEG'
'001028','EEG'
'001132','EEG'
'001135','EEG'
'001223','EEG'
'001290','EEG'
'001313','EEG'
'001358','EEG'
'001479','EEG'
'001535','EEG'
'001584','EEG'
'001586','EEG'
'001656','EEG'
'001790','EEG'
'001940','EEG'
'002009','EEG'
'002010','EEG'
'002015','EEG'
'002170','EEG'
'002224','EEG'
'002358','EEG'
'002398','EEG'
'002431','EEG'
'002435','EEG'
'002507','EEG'
'002511','EEG'
'002518','EEG'
'002519','EEG'
'002526','EEG'
'002774','EEG'
'002858','EEG'
'002859','EEG'
'002897','EEG'
'003082','EEG'
'003189','EEG'
'003228','EEG'
'003463','EEG'
'003474','EEG'
'003536','EEG'
'003653','EEG'
'003768','EEG'
'003793','EEG'
'003796','EEG'
'003798','EEG'
'003953','EEG'
'003966','EEG'
'004083','EEG'
'004301','EEG'
'004306','EEG'
'004308','EEG'
'004324','EEG'
'004331','EEG'
'004596','EEG'
'004597','EEG'
'004610','EEG'
'004612','EEG'
'004725','EEG'
'004726','EEG'
'004727','EEG'
'004729','EEG'
'004854','EEG'
'004855','EEG'
'004856','EEG'
'004857','EEG'
'004858','EEG'
'004859','EEG'
'004860','EEG'
'004861','EEG'
'004862','EEG'
'004863','EEG'
'004864','EEG'
'004865','EEG'
'004866','EEG'
'004867','EEG'
'004868','EEG'
'004869','EEG'
'004870','EEG'
'004871','EEG'
'004872','EEG'
'004873','EEG'
'004874','EEG'
'004875','EEG'
'004876','EEG'
'004877','EEG'
'004878','EEG'
'004879','EEG'
'004880','EEG'
'004881','EEG'
'004882','EEG'
'004883','EEG'
'004884','EEG'
'004885','EEG'
'004886','EEG'
'004915','EEG'
'004921','EEG'
'004930','EEG'
'004945','EEG'
'005000','EEG'
'005001','EEG'
'005002','EEG'
'005003','EEG'
'005007','EEG'
'005010','EEG'
'005011','EEG'
'005017','EEG'
'005097','EEG'
'005613','EEG'
'005814','EEG'
'005815','EEG'
'005990','EEG'
'006021','EEG'
'083001','EEG'
'321043','EEG'
'323012','EEG'
'341004','EEG'
'341019','EEG'
'341026','EEG'
'344006','EEG'
'373002','EEG'
'373010','EEG'
'374003','EEG'
'374004','EEG'
'374005','EEG'
'383001','EEG'
'393011','EEG'
'004535','ISA'
'000105','MBG'
'000113','MBG'
'000114','MBG'
'000115','MBG'
'000162','MBG'
'000193','MBG'
'000572','MBG'
'000702','MBG'
'000850','MBG'
'000910','MBG'
'001308','MBG'
'001309','MBG'
'001322','MBG'
'001504','MBG'
'001885','MBG'
'001886','MBG'
'001955','MBG'
'002227','MBG'
'002232','MBG'
'002233','MBG'
'002234','MBG'
'002235','MBG'
'002237','MBG'
'002241','MBG'
'002243','MBG'
'002244','MBG'
'002245','MBG'
'002246','MBG'
'002247','MBG'
'002248','MBG'
'002249','MBG'
'002250','MBG'
'002251','MBG'
'002252','MBG'
'002254','MBG'
'002255','MBG'
'002282','MBG'
'002711','MBG'
'002733','MBG'
'002734','MBG'
'002735','MBG'
'002736','MBG'
'002737','MBG'
'002738','MBG'
'002739','MBG'
'002740','MBG'
'002741','MBG'
'002742','MBG'
'002745','MBG'
'002890','MBG'
'002927','MBG'
'002928','MBG'
'002929','MBG'
'002930','MBG'
'003208','MBG'
'003211','MBG'
'003341','MBG'
'003423','MBG'
'003424','MBG'
'003718','MBG'
'004167','MBG'
'004226','MBG'
'004227','MBG'
'004228','MBG'
'004229','MBG'
'004480','MBG'
'004591','MBG'
'004898','MBG'
'004899','MBG'
'005015','MBG'
'005175','MBG'
'005291','MBG'
'005292','MBG'
'005293','MBG'
'005294','MBG'
'005295','MBG'
'005296','MBG'
'005297','MBG'
'005298','MBG'
'005299','MBG'
'005300','MBG'
'005301','MBG'
'005302','MBG'
'005303','MBG'
'005304','MBG'
'005305','MBG'
'005306','MBG'
'005307','MBG'
'005572','MBG'
'005573','MBG'
'005735','MBG'
'005736','MBG'
'005778','MBG'
'005921','MBG'
'005922','MBG'
'005923','MBG'
'005987','MBG'
'005988','MBG'
'013002','MBG'
'013005','MBG'
'013006','MBG'
'013007','MBG'
'013008','MBG'
'013009','MBG'
'013011','MBG'
'013012','MBG'
'014007','MBG'
'014008','MBG'
'014009','MBG'
'014010','MBG'
'014012','MBG'
'014013','MBG'
'014014','MBG'
'014015','MBG'
'014016','MBG'
'014018','MBG'
'023007','MBG'
'023012','MBG'
'023018','MBG'
'023023','MBG'
'023024','MBG'
'023029','MBG'
'023046','MBG'
'023047','MBG'
'024003','MBG'
'024007','MBG'
'024009','MBG'
'024011','MBG'
'024013','MBG'
'024014','MBG'
'024015','MBG'
'024018','MBG'
'024019','MBG'
'024020','MBG'
'024021','MBG'
'024023','MBG'
'024024','MBG'
'024035','MBG'
'024036','MBG'
'024039','MBG'
'024040','MBG'
'024041','MBG'
'053002','MBG'
'053003','MBG'
'053005','MBG'
'053007','MBG'
'053008','MBG'
'053010','MBG'
'053012','MBG'
'054002','MBG'
'054004','MBG'
'054005','MBG'
'054006','MBG'
'054007','MBG'
'054008','MBG'
'054009','MBG'
'054010','MBG'
'054011','MBG'
'063007','MBG'
'063008','MBG'
'063009','MBG'
'063012','MBG'
'063013','MBG'
'064003','MBG'
'064004','MBG'
'073001','MBG'
'073008','MBG'
'074001','MBG'
'074004','MBG'
'083003','MBG'
'084001','MBG'
'133002','MBG'
'133004','MBG'
'133005','MBG'
'133008','MBG'
'133009','MBG'
'144001','MBG'
'184001','MBG'
'303003','MBG'
'303005','MBG'
'303009','MBG'
'303011','MBG'
'303012','MBG'
'000167','MEG'
'001179','MEG'
'001208','MEG'
'001316','MEG'
'001747','MEG'
'001748','MEG'
'002146','MEG'
'002646','MEG'
'002648','MEG'
'002816','MEG'
'002935','MEG'
'003790','MEG'
'004168','MEG'
'004195','MEG'
'004196','MEG'
'004197','MEG'
'004198','MEG'
'004795','MEG'
'004796','MEG'
'005773','MEG'
'005774','MEG'
'005775','MEG'
'005776','MEG'
'005864','MEG'
'006040','MEG'
'563009','MEG'
'573002','MEG'
'573003','MEG'
'573005','MEG'
'593003','MEG'
'594001','MEG'
'594002','MEG'
'594003','MEG'
'594004','MEG'
'594005','MEG'
'594006','MEG'
'594007','MEG'
'594008','MEG'
'594009','MEG'
'594010','MEG'
'704006','MEG'
'004741','ACD'
'000856','EED'
'000982','EED'
'001007','EED'
'001088','EED'
'001089','EED'
'001109','EED'
'001110','EED'
'001220','EED'
'001279','EED'
'001683','EED'
'001761','EED'
'001844','EED'
'002052','EED'
'002349','EED'
'002400','EED'
'002408','EED'
'002564','EED'
'002694','EED'
'002705','EED'
'002812','EED'
'002813','EED'
'002814','EED'
'002819','EED'
'002820','EED'
'002906','EED'
'002949','EED'
'003017','EED'
'003100','EED'
'003101','EED'
'003104','EED'
'003105','EED'
'003106','EED'
'003154','EED'
'003416','EED'
'003419','EED'
'003475','EED'
'003535','EED'
'003699','EED'
'003962','EED'
'004133','EED'
'004134','EED'
'004141','EED'
'004142','EED'
'004149','EED'
'004205','EED'
'004220','EED'
'004343','EED'
'004344','EED'
'004590','EED'
'004657','EED'
'004665','EED'
'004719','EED'
'004752','EED'
'004764','EED'
'004804','EED'
'004910','EED'
'004911','EED'
'004916','EED'
'004938','EED'
'004939','EED'
'004940','EED'
'004948','EED'
'004950','EED'
'004951','EED'
'004954','EED'
'004955','EED'
'005485','EED'
'005486','EED'
'005587','EED'
'005588','EED'
'005596','EED'
'005597','EED'
'005605','EED'
'006015','EED'
'315001','EED'
'315002','EED'
'315006','EED'
'321008','EED'
'325001','EED'
'325004','EED'
'355001','EED'
'355002','EED'
'355003','EED'
'371006','EED'
'375001','EED'
'375004','EED'
'375007','EED'
'391034','EED'
'395002','EED'
'001221','MBD'
'001604','MBD'
'001606','MBD'
'001647','MBD'
'002443','MBD'
'002618','MBD'
'002619','MBD'
'002620','MBD'
'002621','MBD'
'002622','MBD'
'002623','MBD'
'002931','MBD'
'002932','MBD'
'003209','MBD'
'003986','MBD'
'004400','MBD'
'004983','MBD'
'004994','MBD'
'004995','MBD'
'004996','MBD'
'004997','MBD'
'005522','MBD'
'005523','MBD'
'005524','MBD'
'005525','MBD'
'005526','MBD'
'005527','MBD'
'005528','MBD'
'005529','MBD'
'005530','MBD'
'005531','MBD'
'005532','MBD'
'005533','MBD'
'005534','MBD'
'005535','MBD'
'005536','MBD'
'005537','MBD'
'005538','MBD'
'005539','MBD'
'005540','MBD'
'005541','MBD'
'005542','MBD'
'005543','MBD'
'005544','MBD'
'005545','MBD'
'005546','MBD'
'005547','MBD'
'005548','MBD'
'005549','MBD'
'005550','MBD'
'005551','MBD'
'005552','MBD'
'005553','MBD'
'005554','MBD'
'005555','MBD'
'005556','MBD'
'005557','MBD'
'005558','MBD'
'005559','MBD'
'015001','MBD'
'015002','MBD'
'015003','MBD'
'015004','MBD'
'015005','MBD'
'015006','MBD'
'015007','MBD'
'015008','MBD'
'015009','MBD'
'015010','MBD'
'015011','MBD'
'015012','MBD'
'025001','MBD'
'025002','MBD'
'025005','MBD'
'025012','MBD'
'025013','MBD'
'025014','MBD'
'025025','MBD'
'025027','MBD'
'025028','MBD'
'025030','MBD'
'025031','MBD'
'025032','MBD'
'025033','MBD'
'025034','MBD'
'025035','MBD'
'025036','MBD'
'025037','MBD'
'025038','MBD'
'025039','MBD'
'025040','MBD'
'025041','MBD'
'025042','MBD'
'025043','MBD'
'025044','MBD'
'025045','MBD'
'035001','MBD'
'035002','MBD'
'035003','MBD'
'055001','MBD'
'055002','MBD'
'055003','MBD'
'055004','MBD'
'055005','MBD'
'055006','MBD'
'055007','MBD'
'055008','MBD'
'055009','MBD'
'055010','MBD'
'075002','MBD'
'075003','MBD'
'075004','MBD'
'085001','MBD'
'105001','MBD'
'110003','MBD'
'135001','MBD'
'135002','MBD'
'135003','MBD'
'145001','MBD'
'145002','MBD'
'165001','MBD'
'165002','MBD'
'165003','MBD'
'165004','MBD'
'165005','MBD'
'165006','MBD'
'165007','MBD'
'185001','MBD'
'001342','MED'
'001343','MED'
'001657','MED'
'001658','MED'
'001742','MED'
'002637','MED'
'003263','MED'
'003531','MED'
'003532','MED'
'003901','MED'
'003902','MED'
'003949','MED'
'004291','MED'
'004292','MED'
'004474','MED'
'004475','MED'
'004476','MED'
'004477','MED'
'004815','MED'
'004817','MED'
'004818','MED'
'004819','MED'
'004905','MED'
'004977','MED'
'005025','MED'
'006081','MED'
'545002','MED'
'565001','MED'
'565002','MED'
'565003','MED'
'565004','MED'
'565006','MED'
'565007','MED'
'565008','MED'
'575001','MED'
'575004','MED'
'595001','MED'
'595002','MED'
'595003','MED'
'595004','MED'
'595005','MED'
'595006','MED'
'595007','MED'
'595009','MED'
'595013','MED'
'595015','MED'
'595016','MED'
'004737','ACM'
'004738','ACM'
'004745','ACM'
'005210','ACM'
'000807','EEM'
'000812','EEM'
'001087','EEM'
'001337','EEM'
'001413','EEM'
'001530','EEM'
'001549','EEM'
'001585','EEM'
'001731','EEM'
'001765','EEM'
'001819','EEM'
'001842','EEM'
'001855','EEM'
'001857','EEM'
'001867','EEM'
'002404','EEM'
'002508','EEM'
'002693','EEM'
'002708','EEM'
'002869','EEM'
'002870','EEM'
'003109','EEM'
'003156','EEM'
'003178','EEM'
'003191','EEM'
'003192','EEM'
'003193','EEM'
'003425','EEM'
'003655','EEM'
'004608','EEM'
'004639','EEM'
'004649','EEM'
'004650','EEM'
'004651','EEM'
'004664','EEM'
'004666','EEM'
'004667','EEM'
'004668','EEM'
'004669','EEM'
'004670','EEM'
'004671','EEM'
'004672','EEM'
'004673','EEM'
'004674','EEM'
'004718','EEM'
'004753','EEM'
'004962','EEM'
'004972','EEM'
'004980','EEM'
'005005','EEM'
'005006','EEM'
'005730','EEM'
'005926','EEM'
'005927','EEM'
'005928','EEM'
'005929','EEM'
'005930','EEM'
'005989','EEM'
'006016','EEM'
'006041','EEM'
'006042','EEM'
'006043','EEM'
'006044','EEM'
'006045','EEM'
'006046','EEM'
'006047','EEM'
'006048','EEM'
'006049','EEM'
'006050','EEM'
'006051','EEM'
'006052','EEM'
'006053','EEM'
'006054','EEM'
'006055','EEM'
'006060','EEM'
'006061','EEM'
'336004','EEM'
'356005','EEM'
'376008','EEM'
'376010','EEM'
'005827','ISA'
'000238','MBM'
'000243','MBM'
'000244','MBM'
'000253','MBM'
'000254','MBM'
'000255','MBM'
'000257','MBM'
'000260','MBM'
'000271','MBM'
'000273','MBM'
'000723','MBM'
'000725','MBM'
'000808','MBM'
'000908','MBM'
'001262','MBM'
'001267','MBM'
'001268','MBM'
'001269','MBM'
'001270','MBM'
'001271','MBM'
'001272','MBM'
'001273','MBM'
'001274','MBM'
'001275','MBM'
'001276','MBM'
'001480','MBM'
'001490','MBM'
'001491','MBM'
'001771','MBM'
'001772','MBM'
'002099','MBM'
'002112','MBM'
'002113','MBM'
'002116','MBM'
'002194','MBM'
'002195','MBM'
'002197','MBM'
'002202','MBM'
'002211','MBM'
'002262','MBM'
'002263','MBM'
'002275','MBM'
'002469','MBM'
'002470','MBM'
'002471','MBM'
'002600','MBM'
'002601','MBM'
'002602','MBM'
'002603','MBM'
'002605','MBM'
'002606','MBM'
'002609','MBM'
'002610','MBM'
'002611','MBM'
'002612','MBM'
'002614','MBM'
'002615','MBM'
'002799','MBM'
'002800','MBM'
'002837','MBM'
'002838','MBM'
'002919','MBM'
'003049','MBM'
'003072','MBM'
'003146','MBM'
'003155','MBM'
'003210','MBM'
'003229','MBM'
'003230','MBM'
'003988','MBM'
'003989','MBM'
'003990','MBM'
'003991','MBM'
'003992','MBM'
'003993','MBM'
'003994','MBM'
'003995','MBM'
'003996','MBM'
'004552','MBM'
'004555','MBM'
'004567','MBM'
'004568','MBM'
'004569','MBM'
'004570','MBM'
'004713','MBM'
'004731','MBM'
'004732','MBM'
'004733','MBM'
'004734','MBM'
'004735','MBM'
'005256','MBM'
'005257','MBM'
'005258','MBM'
'005259','MBM'
'005308','MBM'
'005309','MBM'
'005310','MBM'
'005311','MBM'
'005312','MBM'
'005313','MBM'
'005314','MBM'
'005315','MBM'
'005316','MBM'
'005317','MBM'
'005318','MBM'
'005319','MBM'
'005320','MBM'
'005321','MBM'
'005322','MBM'
'005487','MBM'
'005488','MBM'
'005489','MBM'
'005490','MBM'
'005641','MBM'
'005643','MBM'
'005644','MBM'
'005645','MBM'
'005646','MBM'
'005647','MBM'
'005648','MBM'
'005649','MBM'
'005650','MBM'
'005651','MBM'
'005652','MBM'
'005653','MBM'
'005654','MBM'
'005655','MBM'
'005656','MBM'
'005657','MBM'
'005658','MBM'
'005659','MBM'
'005660','MBM'
'005661','MBM'
'005662','MBM'
'005663','MBM'
'005664','MBM'
'005665','MBM'
'005666','MBM'
'005667','MBM'
'005668','MBM'
'005669','MBM'
'005670','MBM'
'005671','MBM'
'005672','MBM'
'005673','MBM'
'005674','MBM'
'005675','MBM'
'005676','MBM'
'005677','MBM'
'005678','MBM'
'005679','MBM'
'005680','MBM'
'005681','MBM'
'005682','MBM'
'005683','MBM'
'005684','MBM'
'005685','MBM'
'005686','MBM'
'005687','MBM'
'005688','MBM'
'005689','MBM'
'005690','MBM'
'005691','MBM'
'005692','MBM'
'005693','MBM'
'005694','MBM'
'005695','MBM'
'005696','MBM'
'005697','MBM'
'005698','MBM'
'005699','MBM'
'005700','MBM'
'005701','MBM'
'005702','MBM'
'005703','MBM'
'005704','MBM'
'005705','MBM'
'005706','MBM'
'005707','MBM'
'005708','MBM'
'005709','MBM'
'005710','MBM'
'005711','MBM'
'005712','MBM'
'005713','MBM'
'005714','MBM'
'005715','MBM'
'005733','MBM'
'005734','MBM'
'005777','MBM'
'005816','MBM'
'005820','MBM'
'005821','MBM'
'005822','MBM'
'005823','MBM'
'005824','MBM'
'005825','MBM'
'005826','MBM'
'005828','MBM'
'005833','MBM'
'005834','MBM'
'005835','MBM'
'005887','MBM'
'005888','MBM'
'005889','MBM'
'005890','MBM'
'005891','MBM'
'005892','MBM'
'005893','MBM'
'005894','MBM'
'005895','MBM'
'005896','MBM'
'005897','MBM'
'005898','MBM'
'005899','MBM'
'005900','MBM'
'005901','MBM'
'005902','MBM'
'005903','MBM'
'005904','MBM'
'005905','MBM'
'005906','MBM'
'005907','MBM'
'005908','MBM'
'005909','MBM'
'005910','MBM'
'005911','MBM'
'005912','MBM'
'005913','MBM'
'005914','MBM'
'005915','MBM'
'005916','MBM'
'005917','MBM'
'005918','MBM'
'005919','MBM'
'005920','MBM'
'005931','MBM'
'005932','MBM'
'005992','MBM'
'005993','MBM'
'005994','MBM'
'005996','MBM'
'005997','MBM'
'005998','MBM'
'005999','MBM'
'006000','MBM'
'006001','MBM'
'006002','MBM'
'006003','MBM'
'006004','MBM'
'006005','MBM'
'006006','MBM'
'006007','MBM'
'006008','MBM'
'006009','MBM'
'006010','MBM'
'006011','MBM'
'006012','MBM'
'006013','MBM'
'006066','MBM'
'006067','MBM'
'006068','MBM'
'006071','MBM'
'006072','MBM'
'006073','MBM'
'006074','MBM'
'016003','MBM'
'016005','MBM'
'016006','MBM'
'016009','MBM'
'016010','MBM'
'026007','MBM'
'026010','MBM'
'026028','MBM'
'026029','MBM'
'026031','MBM'
'026035','MBM'
'026036','MBM'
'026038','MBM'
'026040','MBM'
'026041','MBM'
'026044','MBM'
'056001','MBM'
'056004','MBM'
'066001','MBM'
'076001','MBM'
'076002','MBM'
'076003','MBM'
'076006','MBM'
'076007','MBM'
'086001','MBM'
'086002','MBM'
'096002','MBM'
'126001','MBM'
'136002','MBM'
'136003','MBM'
'136004','MBM'
'136005','MBM'
'136006','MBM'
'186001','MBM'
'186002','MBM'
'306002','MBM'
'000268','MEM'
'001368','MEM'
'001538','MEM'
'001539','MEM'
'001540','MEM'
'001618','MEM'
'001619','MEM'
'001620','MEM'
'001621','MEM'
'001622','MEM'
'001746','MEM'
'001749','MEM'
'001896','MEM'
'002206','MEM'
'002265','MEM'
'002649','MEM'
'002650','MEM'
'003057','MEM'
'003147','MEM'
'003214','MEM'
'004286','MEM'
'004289','MEM'
'004556','MEM'
'004557','MEM'
'004558','MEM'
'004797','MEM'
'004798','MEM'
'005217','MEM'
'005500','MEM'
'005501','MEM'
'005502','MEM'
'005503','MEM'
'005504','MEM'
'005505','MEM'
'005506','MEM'
'005507','MEM'
'005508','MEM'
'005509','MEM'
'005510','MEM'
'005511','MEM'
'005512','MEM'
'006024','MEM'
'006025','MEM'
'006026','MEM'
'006027','MEM'
'006028','MEM'
'006029','MEM'
'006030','MEM'
'006031','MEM'
'006032','MEM'
'006033','MEM'
'566002','MEM'
'566004','MEM'
'566005','MEM'
'566006','MEM'
'576001','MEM'
'576002','MEM'
'576004','MEM'
'576005','MEM'
'706001','MEM'
'706005','MEM'
'706007','MEM'
'005791','TRA'
'001359','EEC'
'001363','EEC'
'001544','EEC'
'001813','EEC'
'002164','EEC'
'003317','EEC'
'003660','EEC'
'003666','EEC'
'003696','EEC'
'003724','EEC'
'004031','EEC'
'004033','EEC'
'004034','EEC'
'004035','EEC'
'004036','EEC'
'004038','EEC'
'004039','EEC'
'004040','EEC'
'004041','EEC'
'004042','EEC'
'004043','EEC'
'004045','EEC'
'004046','EEC'
'004047','EEC'
'004048','EEC'
'004049','EEC'
'004050','EEC'
'004053','EEC'
'004055','EEC'
'004058','EEC'
'004059','EEC'
'004062','EEC'
'004064','EEC'
'004065','EEC'
'004068','EEC'
'004069','EEC'
'004070','EEC'
'004071','EEC'
'004072','EEC'
'004091','EEC'
'004092','EEC'
'004093','EEC'
'004094','EEC'
'004095','EEC'
'004096','EEC'
'004097','EEC'
'004104','EEC'
'004105','EEC'
'004160','EEC'
'004401','EEC'
'004563','EEC'
'004658','EEC'
'005156','EEC'
'005617','EEC'
'005619','EEC'
'005772','EEC'
'341010','EEC'
'341021','EEC'
'001709','MBC'
'002665','MBC'
'003804','MBC'
'003805','MBC'
'003806','MBC'
'003808','MBC'
'003811','MBC'
'003814','MBC'
'003816','MBC'
'003817','MBC'
'003818','MBC'
'003819','MBC'
'003821','MBC'
'003823','MBC'
'003840','MBC'
'004030','MBC'
'004077','MBC'
'004078','MBC'
'004079','MBC'
'004101','MBC'
'004161','MBC'
'004162','MBC'
'004163','MBC'
'004164','MBC'
'004181','MBC'
'004182','MBC'
'004259','MBC'
'004260','MBC'
'004261','MBC'
'004262','MBC'
'004263','MBC'
'004264','MBC'
'004265','MBC'
'004266','MBC'
'004267','MBC'
'004268','MBC'
'004269','MBC'
'004270','MBC'
'004284','MBC'
'004285','MBC'
'004571','MBC'
'004572','MBC'
'004573','MBC'
'004574','MBC'
'004638','MBC'
'004659','MBC'
'004984','MBC'
'005223','MBC'
'005403','MBC'
'005404','MBC'
'005405','MBC'
'005406','MBC'
'005407','MBC'
'005408','MBC'
'005409','MBC'
'005410','MBC'
'005411','MBC'
'005412','MBC'
'005413','MBC'
'005414','MBC'
'005415','MBC'
'005416','MBC'
'005417','MBC'
'005418','MBC'
'005419','MBC'
'005420','MBC'
'005421','MBC'
'005422','MBC'
'005423','MBC'
'005424','MBC'
'005425','MBC'
'005426','MBC'
'005427','MBC'
'005428','MBC'
'005429','MBC'
'005430','MBC'
'005431','MBC'
'005432','MBC'
'005433','MBC'
'005434','MBC'
'005435','MBC'
'005436','MBC'
'005437','MBC'
'005438','MBC'
'005439','MBC'
'005440','MBC'
'005441','MBC'
'005442','MBC'
'005443','MBC'
'005444','MBC'
'005445','MBC'
'005446','MBC'
'005447','MBC'
'005448','MBC'
'005449','MBC'
'005450','MBC'
'005451','MBC'
'005452','MBC'
'005453','MBC'
'005454','MBC'
'005455','MBC'
'005456','MBC'
'005457','MBC'
'005458','MBC'
'005459','MBC'
'005460','MBC'
'005461','MBC'
'005462','MBC'
'005463','MBC'
'005464','MBC'
'005465','MBC'
'005466','MBC'
'005467','MBC'
'005468','MBC'
'005469','MBC'
'005470','MBC'
'005471','MBC'
'005472','MBC'
'005473','MBC'
'005474','MBC'
'005475','MBC'
'005476','MBC'
'005477','MBC'
'005478','MBC'
'005479','MBC'
'005480','MBC'
'005481','MBC'
'005482','MBC'
'005513','MBC'
'005741','MBC'
'005742','MBC'
'005743','MBC'
'005780','MBC'
'005781','MBC'
'005782','MBC'
'005783','MBC'
'005784','MBC'
'005785','MBC'
'005844','MBC'
'005845','MBC'
'005846','MBC'
'005847','MBC'
'005848','MBC'
'005849','MBC'
'005850','MBC'
'005851','MBC'
'005852','MBC'
'005853','MBC'
'005854','MBC'
'005855','MBC'
'005856','MBC'
'005857','MBC'
'005858','MBC'
'005859','MBC'
'005860','MBC'
'005861','MBC'
'005884','MBC'
'005938','MBC'
'005939','MBC'
'002866','MEC'
'003999','MEC'
'004024','MEC'
'004025','MEC'
'004177','MEC'
'004178','MEC'
'004253','MEC'
'004254','MEC'
'004255','MEC'
'004256','MEC'
'004257','MEC'
'004258','MEC'
'004397','MEC'
'004398','MEC'
'004660','MEC'
'004682','MEC'
'004683','MEC'
'004684','MEC'
'004685','MEC'
'004812','MEC'
'005226','MEC'
'005242','MEC'
'005794','MEC'
'005795','MEC'
'005796','MEC'
'005797','MEC'
'005798','MEC'
'005862','MEC'
'591003','MEC'
'005498','ACK'
'005499','ACK'
'000779','EEK'
'001078','EEK'
'001131','EEK'
'001211','EEK'
'001214','EEK'
'001216','EEK'
'001374','EEK'
'001388','EEK'
'001561','EEK'
'001562','EEK'
'001701','EEK'
'001791','EEK'
'001902','EEK'
'001905','EEK'
'001906','EEK'
'001907','EEK'
'002008','EEK'
'002223','EEK'
'002402','EEK'
'002417','EEK'
'002426','EEK'
'002437','EEK'
'002699','EEK'
'002704','EEK'
'002713','EEK'
'002784','EEK'
'002844','EEK'
'002867','EEK'
'002940','EEK'
'002994','EEK'
'003016','EEK'
'003035','EEK'
'003036','EEK'
'003037','EEK'
'003038','EEK'
'003198','EEK'
'003280','EEK'
'003417','EEK'
'003420','EEK'
'003461','EEK'
'003534','EEK'
'003538','EEK'
'003640','EEK'
'003656','EEK'
'003680','EEK'
'003789','EEK'
'004099','EEK'
'004100','EEK'
'004583','EEK'
'004592','EEK'
'004637','EEK'
'004644','EEK'
'004654','EEK'
'004715','EEK'
'004891','EEK'
'004907','EEK'
'004913','EEK'
'004942','EEK'
'004953','EEK'
'004957','EEK'
'004958','EEK'
'005061','EEK'
'005084','EEK'
'005123','EEK'
'005124','EEK'
'005125','EEK'
'005126','EEK'
'005483','EEK'
'005484','EEK'
'005492','EEK'
'005514','EEK'
'005570','EEK'
'005616','EEK'
'005618','EEK'
'005793','EEK'
'005811','EEK'
'311029','EEK'
'318002','EEK'
'321002','EEK'
'325006','EEK'
'358001','EEK'
'358002','EEK'
'358006','EEK'
'388001','EEK'
'428001','EEK'
'000074','MBK'
'000075','MBK'
'000080','MBK'
'000092','MBK'
'000099','MBK'
'000897','MBK'
'001143','MBK'
'001144','MBK'
'001148','MBK'
'001674','MBK'
'001675','MBK'
'001677','MBK'
'001679','MBK'
'001835','MBK'
'001872','MBK'
'001873','MBK'
'002721','MBK'
'002722','MBK'
'002723','MBK'
'002725','MBK'
'002726','MBK'
'002727','MBK'
'002728','MBK'
'002729','MBK'
'002730','MBK'
'002732','MBK'
'002743','MBK'
'002830','MBK'
'002863','MBK'
'002925','MBK'
'002926','MBK'
'002968','MBK'
'003003','MBK'
'003179','MBK'
'003204','MBK'
'003947','MBK'
'003985','MBK'
'004173','MBK'
'004174','MBK'
'004293','MBK'
'004294','MBK'
'004295','MBK'
'004296','MBK'
'004297','MBK'
'004298','MBK'
'004703','MBK'
'004704','MBK'
'004705','MBK'
'004706','MBK'
'004707','MBK'
'004708','MBK'
'004709','MBK'
'004710','MBK'
'004711','MBK'
'004712','MBK'
'004757','MBK'
'004799','MBK'
'004805','MBK'
'004806','MBK'
'004807','MBK'
'004808','MBK'
'004809','MBK'
'004935','MBK'
'004937','MBK'
'004959','MBK'
'005013','MBK'
'005014','MBK'
'005515','MBK'
'005516','MBK'
'005517','MBK'
'005518','MBK'
'005519','MBK'
'005520','MBK'
'005609','MBK'
'005810','MBK'
'005876','MBK'
'005877','MBK'
'005936','MBK'
'005937','MBK'
'005944','MBK'
'006022','MBK'
'018006','MBK'
'018008','MBK'
'028001','MBK'
'028002','MBK'
'028003','MBK'
'028009','MBK'
'058004','MBK'
'078001','MBK'
'078002','MBK'
'078003','MBK'
'088003','MBK'
'098001','MBK'
'138001','MBK'
'138002','MBK'
'138003','MBK'
'138004','MBK'
'138005','MBK'
'138006','MBK'
'148001','MBK'
'308001','MBK'
'000088','MEK'
'000848','MEK'
'000849','MEK'
'000898','MEK'
'000900','MEK'
'000901','MEK'
'001025','MEK'
'001678','MEK'
'001681','MEK'
'001812','MEK'
'002292','MEK'
'002883','MEK'
'003180','MEK'
'003264','MEK'
'003458','MEK'
'003588','MEK'
'004120','MEK'
'004121','MEK'
'004122','MEK'
'004123','MEK'
'004124','MEK'
'004125','MEK'
'004126','MEK'
'004127','MEK'
'004287','MEK'
'004288','MEK'
'004290','MEK'
'004559','MEK'
'004678','MEK'
'004679','MEK'
'004680','MEK'
'004681','MEK'
'005943','MEK'
'568001','MEK'
'598001','MEK'
'598002','MEK'
'598003','MEK'
'598004','MEK'
'598005','MEK'
'598006','MEK'
'000071','EEZ'
'000288','EEZ'
'000730','EEZ'
'000767','EEZ'
'000890','EEZ'
'000892','EEZ'
'000894','EEZ'
'001012','EEZ'
'001013','EEZ'
'001016','EEZ'
'001042','EEZ'
'001081','EEZ'
'001083','EEZ'
'001278','EEZ'
'001287','EEZ'
'001293','EEZ'
'001474','EEZ'
'001503','EEZ'
'001512','EEZ'
'001614','EEZ'
'001739','EEZ'
'001755','EEZ'
'002156','EEZ'
'002225','EEZ'
'002345','EEZ'
'002386','EEZ'
'002467','EEZ'
'002545','EEZ'
'002566','EEZ'
'002936','EEZ'
'003062','EEZ'
'003063','EEZ'
'003064','EEZ'
'003119','EEZ'
'003120','EEZ'
'003121','EEZ'
'003122','EEZ'
'003123','EEZ'
'003129','EEZ'
'003144','EEZ'
'003258','EEZ'
'003275','EEZ'
'003277','EEZ'
'003281','EEZ'
'003481','EEZ'
'003482','EEZ'
'003483','EEZ'
'003484','EEZ'
'003485','EEZ'
'003486','EEZ'
'003487','EEZ'
'003488','EEZ'
'003489','EEZ'
'003490','EEZ'
'003491','EEZ'
'003492','EEZ'
'003494','EEZ'
'003495','EEZ'
'003496','EEZ'
'003497','EEZ'
'003498','EEZ'
'003539','EEZ'
'003597','EEZ'
'003598','EEZ'
'003599','EEZ'
'003600','EEZ'
'003601','EEZ'
'003602','EEZ'
'003603','EEZ'
'003604','EEZ'
'003605','EEZ'
'003606','EEZ'
'003607','EEZ'
'003608','EEZ'
'003620','EEZ'
'003686','EEZ'
'004086','EEZ'
'004648','EEZ'
'004724','EEZ'
'004917','EEZ'
'005024','EEZ'
'005078','EEZ'
'005081','EEZ'
'005088','EEZ'
'005098','EEZ'
'005099','EEZ'
'005100','EEZ'
'005127','EEZ'
'005128','EEZ'
'005129','EEZ'
'005130','EEZ'
'005131','EEZ'
'005323','EEZ'
'005324','EEZ'
'005325','EEZ'
'005326','EEZ'
'005327','EEZ'
'005328','EEZ'
'005329','EEZ'
'005330','EEZ'
'005331','EEZ'
'005332','EEZ'
'005333','EEZ'
'005334','EEZ'
'005335','EEZ'
'005336','EEZ'
'005337','EEZ'
'005338','EEZ'
'005339','EEZ'
'005340','EEZ'
'005341','EEZ'
'005342','EEZ'
'005343','EEZ'
'005344','EEZ'
'005345','EEZ'
'005346','EEZ'
'005347','EEZ'
'005348','EEZ'
'005349','EEZ'
'005350','EEZ'
'005351','EEZ'
'005352','EEZ'
'005355','EEZ'
'005356','EEZ'
'005357','EEZ'
'005358','EEZ'
'005614','EEZ'
'005633','EEZ'
'005640','EEZ'
'005786','EEZ'
'321036','EEZ'
'321038','EEZ'
'329001','EEZ'
'331007','EEZ'
'341027','EEZ'
'349001','EEZ'
'351042','EEZ'
'371032','EEZ'
'379001','EEZ'
'391044','EEZ'
'391046','EEZ'
'399001','EEZ'
'000298','MBZ'
'000299','MBZ'
'000303','MBZ'
'000314','MBZ'
'000315','MBZ'
'000717','MBZ'
'000776','MBZ'
'000777','MBZ'
'000861','MBZ'
'000921','MBZ'
'000972','MBZ'
'000981','MBZ'
'002033','MBZ'
'002056','MBZ'
'002062','MBZ'
'002068','MBZ'
'002069','MBZ'
'002168','MBZ'
'002177','MBZ'
'002193','MBZ'
'002749','MBZ'
'002750','MBZ'
'002751','MBZ'
'002752','MBZ'
'002753','MBZ'
'002754','MBZ'
'002755','MBZ'
'002756','MBZ'
'002757','MBZ'
'002758','MBZ'
'002899','MBZ'
'002900','MBZ'
'002901','MBZ'
'002907','MBZ'
'002910','MBZ'
'002911','MBZ'
'002912','MBZ'
'002913','MBZ'
'002980','MBZ'
'002981','MBZ'
'003018','MBZ'
'003019','MBZ'
'003020','MBZ'
'003206','MBZ'
'003259','MBZ'
'003260','MBZ'
'003261','MBZ'
'003541','MBZ'
'003542','MBZ'
'003543','MBZ'
'003544','MBZ'
'003545','MBZ'
'003546','MBZ'
'003547','MBZ'
'003548','MBZ'
'003549','MBZ'
'003550','MBZ'
'003551','MBZ'
'003552','MBZ'
'003553','MBZ'
'003554','MBZ'
'003555','MBZ'
'003556','MBZ'
'003557','MBZ'
'003558','MBZ'
'003559','MBZ'
'003560','MBZ'
'003561','MBZ'
'003562','MBZ'
'003563','MBZ'
'003564','MBZ'
'003565','MBZ'
'003566','MBZ'
'003567','MBZ'
'003568','MBZ'
'003569','MBZ'
'003570','MBZ'
'003571','MBZ'
'003572','MBZ'
'003573','MBZ'
'003574','MBZ'
'003575','MBZ'
'003576','MBZ'
'003577','MBZ'
'003578','MBZ'
'003579','MBZ'
'003580','MBZ'
'003581','MBZ'
'003582','MBZ'
'003583','MBZ'
'003584','MBZ'
'003585','MBZ'
'003586','MBZ'
'003593','MBZ'
'003594','MBZ'
'003595','MBZ'
'003596','MBZ'
'003719','MBZ'
'003725','MBZ'
'003726','MBZ'
'003729','MBZ'
'003730','MBZ'
'003731','MBZ'
'003732','MBZ'
'003733','MBZ'
'003734','MBZ'
'003735','MBZ'
'003736','MBZ'
'003737','MBZ'
'003738','MBZ'
'003739','MBZ'
'003740','MBZ'
'003741','MBZ'
'003742','MBZ'
'003743','MBZ'
'003744','MBZ'
'003745','MBZ'
'003842','MBZ'
'003843','MBZ'
'003844','MBZ'
'003900','MBZ'
'003948','MBZ'
'004348','MBZ'
'004349','MBZ'
'004534','MBZ'
'004585','MBZ'
'004586','MBZ'
'004800','MBZ'
'004801','MBZ'
'004802','MBZ'
'005263','MBZ'
'005264','MBZ'
'005265','MBZ'
'005266','MBZ'
'005267','MBZ'
'005268','MBZ'
'005269','MBZ'
'005270','MBZ'
'005271','MBZ'
'005272','MBZ'
'005273','MBZ'
'005274','MBZ'
'005275','MBZ'
'005276','MBZ'
'005277','MBZ'
'005278','MBZ'
'005279','MBZ'
'005280','MBZ'
'005283','MBZ'
'005284','MBZ'
'005285','MBZ'
'005286','MBZ'
'005749','MBZ'
'005750','MBZ'
'005751','MBZ'
'005752','MBZ'
'005753','MBZ'
'005754','MBZ'
'005755','MBZ'
'005756','MBZ'
'005757','MBZ'
'005758','MBZ'
'005759','MBZ'
'005760','MBZ'
'005761','MBZ'
'005762','MBZ'
'005763','MBZ'
'005764','MBZ'
'005765','MBZ'
'005766','MBZ'
'005767','MBZ'
'005768','MBZ'
'005769','MBZ'
'005770','MBZ'
'005771','MBZ'
'005799','MBZ'
'005831','MBZ'
'005832','MBZ'
'005947','MBZ'
'005948','MBZ'
'005949','MBZ'
'005950','MBZ'
'005951','MBZ'
'005952','MBZ'
'005953','MBZ'
'005954','MBZ'
'005955','MBZ'
'005956','MBZ'
'005957','MBZ'
'005958','MBZ'
'005959','MBZ'
'005960','MBZ'
'006014','MBZ'
'006035','MBZ'
'006036','MBZ'
'006037','MBZ'
'006038','MBZ'
'006039','MBZ'
'019001','MBZ'
'019002','MBZ'
'019003','MBZ'
'019004','MBZ'
'029001','MBZ'
'029002','MBZ'
'029003','MBZ'
'029011','MBZ'
'029012','MBZ'
'029016','MBZ'
'059001','MBZ'
'059002','MBZ'
'069001','MBZ'
'079001','MBZ'
'079002','MBZ'
'079003','MBZ'
'079004','MBZ'
'079005','MBZ'
'079008','MBZ'
'089001','MBZ'
'099002','MBZ'
'133010','MBZ'
'000774','MEZ'
'000775','MEZ'
'000924','MEZ'
'001288','MEZ'
'001289','MEZ'
'001750','MEZ'
'003262','MEZ'
'003589','MEZ'
'003590','MEZ'
'003591','MEZ'
'003592','MEZ'
'004175','MEZ'
'004176','MEZ'
'004676','MEZ'
'004677','MEZ'
'005018','MEZ'
'005019','MEZ'
'005020','MEZ'
'005021','MEZ'
'005119','MEZ'
'005885','MEZ'
'599001','MEZ'
'599002','MEZ'
'599003','MEZ'
'599004','MEZ'
'599005','MEZ'
'000050','MEK'
'153001','MBG'
'005612','ACG'
'000690','EEB'
'001125','EEB'
'001728','EEB'
'002530','EEB'
'003052','EEB'
'003771','EEB'
'004280','EEB'
'004376','EEB'
'003974','EEC'
'004032','EEC'
'004037','EEC'
'004054','EEC'
'004056','EEC'
'004057','EEC'
'004060','EEC'
'004063','EEC'
'005112','EEC'
'321019','EEC'
'341025','EEC'
'002815','EED'
'002821','EED'
'003107','EED'
'003194','EED'
'003349','EED'
'003421','EED'
'385001','EED'
'005166','EEF'
'000189','EEG'
'000732','EEG'
'000735','EEG'
'000745','EEG'
'000880','EEG'
'001024','EEG'
'001101','EEG'
'001102','EEG'
'001103','EEG'
'001104','EEG'
'001133','EEG'
'001136','EEG'
'001663','EEG'
'001865','EEG'
'002147','EEG'
'002337','EEG'
'002401','EEG'
'002430','EEG'
'002434','EEG'
'002514','EEG'
'003190','EEG'
'003202','EEG'
'003618','EEG'
'003659','EEG'
'003963','EEG'
'003965','EEG'
'004004','EEG'
'004005','EEG'
'004108','EEG'
'004578','EEG'
'004579','EEG'
'004661','EEG'
'004728','EEG'
'004751','EEG'
'004887','EEG'
'005610','EEG'
'343002','EEG'
'353005','EEG'
'353006','EEG'
'373001','EEG'
'374008','EEG'
'001006','EEK'
'001594','EEK'
'002419','EEK'
'002425','EEK'
'003199','EEK'
'003279','EEK'
'003422','EEK'
'004277','EEK'
'004560','EEK'
'004613','EEK'
'321032','EEK'
'000286','EEM'
'000946','EEM'
'001355','EEM'
'001414','EEM'
'001552','EEM'
'001564','EEM'
'001588','EEM'
'001778','EEM'
'002396','EEM'
'002418','EEM'
'002421','EEM'
'002422','EEM'
'002423','EEM'
'002427','EEM'
'002428','EEM'
'002868','EEM'
'003162','EEM'
'003176','EEM'
'003462','EEM'
'004085','EEM'
'004675','EEM'
'004893','EEM'
'326009','EEM'
'341024','EEM'
'356007','EEM'
'002581','EEZ'
'003499','EEZ'
'005174','EEZ'
'005353','EEZ'
'005354','EEZ'
'369001','EEZ'
'000216','MBB'
'001183','MBB'
'001184','MBB'
'001185','MBB'
'002388','MBB'
'004222','MBB'
'004223','MBB'
'133007','MBB'
'133011','MBB'
'143002','MBB'
'144002','MBB'
'003809','MBC'
'003820','MBC'
'003822','MBC'
'003824','MBC'
'003825','MBC'
'003826','MBC'
'003827','MBC'
'003828','MBC'
'003829','MBC'
'003830','MBC'
'003831','MBC'
'003832','MBC'
'003833','MBC'
'003834','MBC'
'003835','MBC'
'003836','MBC'
'003841','MBC'
'004102','MBC'
'095001','MBD'
'110001','MBD'
'000119','MBG'
'000963','MBG'
'001166','MBG'
'001882','MBG'
'001884','MBG'
'002257','MBG'
'002531','MBG'
'003998','MBG'
'004076','MBG'
'004514','MBG'
'004515','MBG'
'004516','MBG'
'004517','MBG'
'004561','MBG'
'004562','MBG'
'004607','MBG'
'004895','MBG'
'004896','MBG'
'004900','MBG'
'023008','MBG'
'053014','MBG'
'054012','MBG'
'083004','MBG'
'093001','MBG'
'094007','MBG'
'303008','MBG'
'000915','MBK'
'001145','MBK'
'001146','MBK'
'001668','MBK'
'002724','MBK'
'002731','MBK'
'003220','MBK'
'003221','MBK'
'003459','MBK'
'003467','MBK'
'004075','MBK'
'004275','MBK'
'004970','MBK'
'018001','MBK'
'018002','MBK'
'018003','MBK'
'018004','MBK'
'018005','MBK'
'048003','MBK'
'058001','MBK'
'128001','MBK'
'188001','MBK'
'000270','MBM'
'002198','MBM'
'002260','MBM'
'002267','MBM'
'002268','MBM'
'002270','MBM'
'002272','MBM'
'002274','MBM'
'002604','MBM'
'002607','MBM'
'002608','MBM'
'002613','MBM'
'002798','MBM'
'002801','MBM'
'002979','MBM'
'003071','MBM'
'003145','MBM'
'003237','MBM'
'003238','MBM'
'003239','MBM'
'003240','MBM'
'004276','MBM'
'004553','MBM'
'004554','MBM'
'004714','MBM'
'026001','MBM'
'026005','MBM'
'026037','MBM'
'026039','MBM'
'096005','MBM'
'306003','MBM'
'306004','MBM'
'326010','MBM'
'000971','MBZ'
'000973','MBZ'
'000974','MBZ'
'000975','MBZ'
'000976','MBZ'
'000977','MBZ'
'000978','MBZ'
'000979','MBZ'
'000980','MBZ'
'002054','MBZ'
'002055','MBZ'
'002057','MBZ'
'002058','MBZ'
'002060','MBZ'
'002061','MBZ'
'002063','MBZ'
'002064','MBZ'
'002065','MBZ'
'002066','MBZ'
'002183','MBZ'
'005287','MBZ'
'005288','MBZ'
'005289','MBZ'
'005290','MBZ'
'029004','MBZ'
'029005','MBZ'
'029006','MBZ'
'029007','MBZ'
'029008','MBZ'
'029009','MBZ'
'029010','MBZ'
'029013','MBZ'
'029014','MBZ'
'029015','MBZ'
'079006','MBZ'
'079007','MBZ'
'004469','MEB'
'004758','MEB'
'004759','MEB'
'004760','MEB'
'004761','MEB'
'004399','MEC'
'005216','MEC'
'001659','MED'
'001660','MED'
'595008','MED'
'595010','MED'
'595011','MED'
'595012','MED'
'595017','MED'
'000166','MEG'
'000168','MEG'
'000907','MEG'
'001017','MEG'
'001094','MEG'
'001096','MEG'
'001097','MEG'
'001098','MEG'
'001099','MEG'
'002007','MEG'
'002181','MEG'
'002182','MEG'
'002188','MEG'
'002392','MEG'
'002393','MEG'
'002394','MEG'
'002395','MEG'
'003051','MEG'
'003232','MEG'
'004199','MEG'
'004200','MEG'
'004201','MEG'
'004202','MEG'
'564010','MEG'
'573001','MEG'
'596006','MEG'
'701043','MEG'
'000053','MEK'
'000998','MEK'
'000813','MEM'
'001623','MEM'
'001624','MEM'
'001625','MEM'
'001626','MEM'
'001627','MEM'
'002130','MEM'
'003050','MEM'
'003148','MEM'
'003149','MEM'
'003150','MEM'
'003151','MEM'
'003937','MEM'
'576006','MEM'
'576007','MEM'
'596001','MEM'
'596002','MEM'
'001672','EEF'
'004926','EEF'
'005071','EEF'
'005073','EEF'
'005074','EEF'
'005075','EEF'
'005077','EEF'
'005080','EEF'
'005082','EEF'
'005083','EEF'
'005085','EEF'
'005087','EEF'
'005089','EEF'
'005091','EEF'
'005092','EEF'
'005093','EEF'
'005094','EEF'
'005095','EEF'
'005096','EEF'
'005101','EEF'
'005102','EEF'
'005103','EEF'
'005104','EEF'
'005105','EEF'
'005106','EEF'
'005107','EEF'
'005108','EEF'
'005117','EEF'
'005118','EEF'
'005136','EEF'
'005137','EEF'
'005138','EEF'
'005139','EEF'
'005140','EEF'
'005141','EEF'
'005142','EEF'
'005143','EEF'
'005144','EEF'
'005149','EEF'
'005150','EEF'
'005152','EEF'
'005153','EEF'
'005154','EEF'
'005155','EEF'
'005159','EEF'
'005160','EEF'
'005164','EEF'
'005165','EEF'
'005167','EEF'
'005168','EEF'
'005169','EEF'
'005170','EEF'
'005171','EEF'
'005172','EEF'
'005183','EEF'
'005716','EEF'
'005807','EEF'
'005808','EEF'
'005809','EEF'
'006018','EEF'
'005838','ISA'
'005213','MBF'
'005214','MBF'
'005215','MBF'
'005243','MBF'
'005359','MBF'
'005360','MBF'
'005361','MBF'
'005362','MBF'
'005363','MBF'
'005364','MBF'
'005365','MBF'
'005366','MBF'
'005367','MBF'
'005368','MBF'
'005369','MBF'
'005370','MBF'
'005371','MBF'
'005372','MBF'
'005373','MBF'
'005374','MBF'
'005375','MBF'
'005376','MBF'
'005377','MBF'
'005378','MBF'
'005379','MBF'
'005380','MBF'
'005381','MBF'
'005382','MBF'
'005383','MBF'
'005384','MBF'
'005385','MBF'
'005386','MBF'
'005387','MBF'
'005388','MBF'
'005389','MBF'
'005390','MBF'
'005391','MBF'
'005392','MBF'
'005393','MBF'
'005394','MBF'
'005395','MBF'
'005396','MBF'
'005397','MBF'
'005398','MBF'
'005399','MBF'
'005400','MBF'
'005401','MBF'
'005402','MBF'
'005521','MBF'
'005642','MBF'
'005744','MBF'
'005745','MBF'
'005746','MBF'
'005747','MBF'
'005925','MBF'
'005961','MBF'
'005962','MBF'
'005963','MBF'
'005964','MBF'
'005965','MBF'
'005966','MBF'
'005967','MBF'
'005968','MBF'
'005969','MBF'
'005970','MBF'
'005971','MBF'
'005972','MBF'
'005973','MBF'
'005974','MBF'
'005975','MBF'
'005976','MBF'
'005977','MBF'
'005978','MBF'
'005979','MBF'
'005980','MBF'
'005981','MBF'
'005982','MBF'
'005983','MBF'
'005984','MBF'
'005985','MBF'
'005986','MBF'
'006075','MBF'
'006076','MBF'
'006078','MBF'
'006077','MEF'
'005260','TRA'
'005940','TRA'
'006069','TRA'
